ISO-10303-21;
HEADER;
FILE_DESCRIPTION(('Open CASCADE Model'),'2;1');
FILE_NAME('Open CASCADE Shape Model','2026-08-14T10:31:45',('Author'),(
    'Open CASCADE'),'Open CASCADE STEP processor 7.8','Open CASCADE 7.8'
  ,'Unknown');
FILE_SCHEMA(('AUTOMOTIVE_DESIGN { 1 0 10303 214 1 1 1 1 }'));
ENDSEC;
DATA;
#1 = APPLICATION_PROTOCOL_DEFINITION('international standard',
  'automotive_design',2000,#2);
#2 = APPLICATION_CONTEXT(
  'core data for automotive mechanical design processes');
#3 = SHAPE_DEFINITION_REPRESENTATION(#4,#10);
#4 = PRODUCT_DEFINITION_SHAPE('','',#5);
#5 = PRODUCT_DEFINITION('design','',#6,#9);
#6 = PRODUCT_DEFINITION_FORMATION('','',#7);
#7 = PRODUCT('Open CASCADE STEP translator 7.8 19',
  'Open CASCADE STEP translator 7.8 19','',(#8));
#8 = PRODUCT_CONTEXT('',#2,'mechanical');
#9 = PRODUCT_DEFINITION_CONTEXT('part definition',#2,'design');
#10 = ADVANCED_BREP_SHAPE_REPRESENTATION('',(#11,#15),#2252);
#11 = AXIS2_PLACEMENT_3D('',#12,#13,#14);
#12 = CARTESIAN_POINT('',(0.,0.,0.));
#13 = DIRECTION('',(0.,0.,1.));
#14 = DIRECTION('',(1.,0.,-0.));
#15 = MANIFOLD_SOLID_BREP('',#16);
#16 = CLOSED_SHELL('',(#17,#105,#160,#215,#270,#325,#380,#435,#490,#545,
    #600,#655,#710,#765,#820,#875,#930,#985,#1040,#1095,#1150,#1205,
    #1260,#1315,#1370,#1425,#1480,#1535,#1590,#1645,#1700,#1755,#1810,
    #1865,#1920,#1975,#2030,#2085,#2140,#2195,#2225));
#17 = ADVANCED_FACE('',(#18),#31,.T.);
#18 = FACE_BOUND('',#19,.T.);
#19 = EDGE_LOOP('',(#20,#54,#77,#104));
#20 = ORIENTED_EDGE('',*,*,#21,.T.);
#21 = EDGE_CURVE('',#22,#22,#24,.T.);
#22 = VERTEX_POINT('',#23);
#23 = CARTESIAN_POINT('',(0.,5.E-03,0.));
#24 = SURFACE_CURVE('',#25,(#30,#42),.PCURVE_S1.);
#25 = CIRCLE('',#26,5.E-03);
#26 = AXIS2_PLACEMENT_3D('',#27,#28,#29);
#27 = CARTESIAN_POINT('',(0.,0.,0.));
#28 = DIRECTION('',(1.,0.,0.));
#29 = DIRECTION('',(-0.,1.,0.));
#30 = PCURVE('',#31,#36);
#31 = CONICAL_SURFACE('',#32,5.E-03,1.539713932474);
#32 = AXIS2_PLACEMENT_3D('',#33,#34,#35);
#33 = CARTESIAN_POINT('',(0.,0.,0.));
#34 = DIRECTION('',(1.,0.,0.));
#35 = DIRECTION('',(-0.,1.,0.));
#36 = DEFINITIONAL_REPRESENTATION('',(#37),#41);
#37 = LINE('',#38,#39);
#38 = CARTESIAN_POINT('',(0.,0.));
#39 = VECTOR('',#40,1.);
#40 = DIRECTION('',(1.,0.));
#41 = ( GEOMETRIC_REPRESENTATION_CONTEXT(2) 
PARAMETRIC_REPRESENTATION_CONTEXT() REPRESENTATION_CONTEXT('2D SPACE',''
  ) );
#42 = PCURVE('',#43,#48);
#43 = CYLINDRICAL_SURFACE('',#44,5.000000000003E-03);
#44 = AXIS2_PLACEMENT_3D('',#45,#46,#47);
#45 = CARTESIAN_POINT('',(859.81342951089,0.,0.));
#46 = DIRECTION('',(-1.,-0.,-0.));
#47 = DIRECTION('',(0.,1.,0.));
#48 = DEFINITIONAL_REPRESENTATION('',(#49),#53);
#49 = LINE('',#50,#51);
#50 = CARTESIAN_POINT('',(-0.,859.81342951089));
#51 = VECTOR('',#52,1.);
#52 = DIRECTION('',(-1.,0.));
#53 = ( GEOMETRIC_REPRESENTATION_CONTEXT(2) 
PARAMETRIC_REPRESENTATION_CONTEXT() REPRESENTATION_CONTEXT('2D SPACE',''
  ) );
#54 = ORIENTED_EDGE('',*,*,#55,.T.);
#55 = EDGE_CURVE('',#22,#56,#58,.T.);
#56 = VERTEX_POINT('',#57);
#57 = CARTESIAN_POINT('',(1.214786853347E-03,4.407020828469E-02,0.));
#58 = SEAM_CURVE('',#59,(#63,#70),.PCURVE_S1.);
#59 = LINE('',#60,#61);
#60 = CARTESIAN_POINT('',(0.,5.E-03,0.));
#61 = VECTOR('',#62,1.);
#62 = DIRECTION('',(3.107738970056E-02,0.999516981271,0.));
#63 = PCURVE('',#31,#64);
#64 = DEFINITIONAL_REPRESENTATION('',(#65),#69);
#65 = LINE('',#66,#67);
#66 = CARTESIAN_POINT('',(0.,0.));
#67 = VECTOR('',#68,1.);
#68 = DIRECTION('',(0.,1.));
#69 = ( GEOMETRIC_REPRESENTATION_CONTEXT(2) 
PARAMETRIC_REPRESENTATION_CONTEXT() REPRESENTATION_CONTEXT('2D SPACE',''
  ) );
#70 = PCURVE('',#31,#71);
#71 = DEFINITIONAL_REPRESENTATION('',(#72),#76);
#72 = LINE('',#73,#74);
#73 = CARTESIAN_POINT('',(6.28318530718,0.));
#74 = VECTOR('',#75,1.);
#75 = DIRECTION('',(0.,1.));
#76 = ( GEOMETRIC_REPRESENTATION_CONTEXT(2) 
PARAMETRIC_REPRESENTATION_CONTEXT() REPRESENTATION_CONTEXT('2D SPACE',''
  ) );
#77 = ORIENTED_EDGE('',*,*,#78,.F.);
#78 = EDGE_CURVE('',#56,#56,#79,.T.);
#79 = SURFACE_CURVE('',#80,(#85,#92),.PCURVE_S1.);
#80 = CIRCLE('',#81,4.407020828469E-02);
#81 = AXIS2_PLACEMENT_3D('',#82,#83,#84);
#82 = CARTESIAN_POINT('',(1.214786853347E-03,0.,0.));
#83 = DIRECTION('',(1.,0.,0.));
#84 = DIRECTION('',(-0.,1.,0.));
#85 = PCURVE('',#31,#86);
#86 = DEFINITIONAL_REPRESENTATION('',(#87),#91);
#87 = LINE('',#88,#89);
#88 = CARTESIAN_POINT('',(0.,1.214786853347E-03));
#89 = VECTOR('',#90,1.);
#90 = DIRECTION('',(1.,0.));
#91 = ( GEOMETRIC_REPRESENTATION_CONTEXT(2) 
PARAMETRIC_REPRESENTATION_CONTEXT() REPRESENTATION_CONTEXT('2D SPACE',''
  ) );
#92 = PCURVE('',#93,#98);
#93 = CONICAL_SURFACE('',#94,4.407020828469E-02,1.488122835911);
#94 = AXIS2_PLACEMENT_3D('',#95,#96,#97);
#95 = CARTESIAN_POINT('',(1.214786853347E-03,0.,0.));
#96 = DIRECTION('',(1.,0.,0.));
#97 = DIRECTION('',(-0.,1.,0.));
#98 = DEFINITIONAL_REPRESENTATION('',(#99),#103);
#99 = LINE('',#100,#101);
#100 = CARTESIAN_POINT('',(0.,0.));
#101 = VECTOR('',#102,1.);
#102 = DIRECTION('',(1.,0.));
#103 = ( GEOMETRIC_REPRESENTATION_CONTEXT(2) 
PARAMETRIC_REPRESENTATION_CONTEXT() REPRESENTATION_CONTEXT('2D SPACE',''
  ) );
#104 = ORIENTED_EDGE('',*,*,#55,.F.);
#105 = ADVANCED_FACE('',(#106),#93,.T.);
#106 = FACE_BOUND('',#107,.T.);
#107 = EDGE_LOOP('',(#108,#109,#132,#159));
#108 = ORIENTED_EDGE('',*,*,#78,.T.);
#109 = ORIENTED_EDGE('',*,*,#110,.T.);
#110 = EDGE_CURVE('',#56,#111,#113,.T.);
#111 = VERTEX_POINT('',#112);
#112 = CARTESIAN_POINT('',(4.85545814564E-03,8.800657679526E-02,0.));
#113 = SEAM_CURVE('',#114,(#118,#125),.PCURVE_S1.);
#114 = LINE('',#115,#116);
#115 = CARTESIAN_POINT('',(1.214786853347E-03,4.407020828469E-02,0.));
#116 = VECTOR('',#117,1.);
#117 = DIRECTION('',(8.257934547233E-02,0.996584493007,0.));
#118 = PCURVE('',#93,#119);
#119 = DEFINITIONAL_REPRESENTATION('',(#120),#124);
#120 = LINE('',#121,#122);
#121 = CARTESIAN_POINT('',(0.,0.));
#122 = VECTOR('',#123,1.);
#123 = DIRECTION('',(0.,1.));
#124 = ( GEOMETRIC_REPRESENTATION_CONTEXT(2) 
PARAMETRIC_REPRESENTATION_CONTEXT() REPRESENTATION_CONTEXT('2D SPACE',''
  ) );
#125 = PCURVE('',#93,#126);
#126 = DEFINITIONAL_REPRESENTATION('',(#127),#131);
#127 = LINE('',#128,#129);
#128 = CARTESIAN_POINT('',(6.28318530718,0.));
#129 = VECTOR('',#130,1.);
#130 = DIRECTION('',(0.,1.));
#131 = ( GEOMETRIC_REPRESENTATION_CONTEXT(2) 
PARAMETRIC_REPRESENTATION_CONTEXT() REPRESENTATION_CONTEXT('2D SPACE',''
  ) );
#132 = ORIENTED_EDGE('',*,*,#133,.F.);
#133 = EDGE_CURVE('',#111,#111,#134,.T.);
#134 = SURFACE_CURVE('',#135,(#140,#147),.PCURVE_S1.);
#135 = CIRCLE('',#136,8.800657679526E-02);
#136 = AXIS2_PLACEMENT_3D('',#137,#138,#139);
#137 = CARTESIAN_POINT('',(4.85545814564E-03,0.,0.));
#138 = DIRECTION('',(1.,0.,0.));
#139 = DIRECTION('',(-0.,1.,0.));
#140 = PCURVE('',#93,#141);
#141 = DEFINITIONAL_REPRESENTATION('',(#142),#146);
#142 = LINE('',#143,#144);
#143 = CARTESIAN_POINT('',(0.,3.640671292293E-03));
#144 = VECTOR('',#145,1.);
#145 = DIRECTION('',(1.,0.));
#146 = ( GEOMETRIC_REPRESENTATION_CONTEXT(2) 
PARAMETRIC_REPRESENTATION_CONTEXT() REPRESENTATION_CONTEXT('2D SPACE',''
  ) );
#147 = PCURVE('',#148,#153);
#148 = CONICAL_SURFACE('',#149,8.800657679526E-02,1.433007175322);
#149 = AXIS2_PLACEMENT_3D('',#150,#151,#152);
#150 = CARTESIAN_POINT('',(4.85545814564E-03,0.,0.));
#151 = DIRECTION('',(1.,0.,0.));
#152 = DIRECTION('',(-0.,1.,0.));
#153 = DEFINITIONAL_REPRESENTATION('',(#154),#158);
#154 = LINE('',#155,#156);
#155 = CARTESIAN_POINT('',(0.,0.));
#156 = VECTOR('',#157,1.);
#157 = DIRECTION('',(1.,0.));
#158 = ( GEOMETRIC_REPRESENTATION_CONTEXT(2) 
PARAMETRIC_REPRESENTATION_CONTEXT() REPRESENTATION_CONTEXT('2D SPACE',''
  ) );
#159 = ORIENTED_EDGE('',*,*,#110,.F.);
#160 = ADVANCED_FACE('',(#161),#148,.T.);
#161 = FACE_BOUND('',#162,.T.);
#162 = EDGE_LOOP('',(#163,#164,#187,#214));
#163 = ORIENTED_EDGE('',*,*,#133,.T.);
#164 = ORIENTED_EDGE('',*,*,#165,.T.);
#165 = EDGE_CURVE('',#111,#166,#168,.T.);
#166 = VERTEX_POINT('',#167);
#167 = CARTESIAN_POINT('',(1.091095727782E-02,0.131675672225,0.));
#168 = SEAM_CURVE('',#169,(#173,#180),.PCURVE_S1.);
#169 = LINE('',#170,#171);
#170 = CARTESIAN_POINT('',(4.85545814564E-03,8.800657679526E-02,0.));
#171 = VECTOR('',#172,1.);
#172 = DIRECTION('',(0.137353557818,0.990522084638,0.));
#173 = PCURVE('',#148,#174);
#174 = DEFINITIONAL_REPRESENTATION('',(#175),#179);
#175 = LINE('',#176,#177);
#176 = CARTESIAN_POINT('',(0.,0.));
#177 = VECTOR('',#178,1.);
#178 = DIRECTION('',(0.,1.));
#179 = ( GEOMETRIC_REPRESENTATION_CONTEXT(2) 
PARAMETRIC_REPRESENTATION_CONTEXT() REPRESENTATION_CONTEXT('2D SPACE',''
  ) );
#180 = PCURVE('',#148,#181);
#181 = DEFINITIONAL_REPRESENTATION('',(#182),#186);
#182 = LINE('',#183,#184);
#183 = CARTESIAN_POINT('',(6.28318530718,0.));
#184 = VECTOR('',#185,1.);
#185 = DIRECTION('',(0.,1.));
#186 = ( GEOMETRIC_REPRESENTATION_CONTEXT(2) 
PARAMETRIC_REPRESENTATION_CONTEXT() REPRESENTATION_CONTEXT('2D SPACE',''
  ) );
#187 = ORIENTED_EDGE('',*,*,#188,.F.);
#188 = EDGE_CURVE('',#166,#166,#189,.T.);
#189 = SURFACE_CURVE('',#190,(#195,#202),.PCURVE_S1.);
#190 = CIRCLE('',#191,0.131675672225);
#191 = AXIS2_PLACEMENT_3D('',#192,#193,#194);
#192 = CARTESIAN_POINT('',(1.091095727782E-02,0.,0.));
#193 = DIRECTION('',(1.,0.,0.));
#194 = DIRECTION('',(-0.,1.,0.));
#195 = PCURVE('',#148,#196);
#196 = DEFINITIONAL_REPRESENTATION('',(#197),#201);
#197 = LINE('',#198,#199);
#198 = CARTESIAN_POINT('',(0.,6.055499132182E-03));
#199 = VECTOR('',#200,1.);
#200 = DIRECTION('',(1.,0.));
#201 = ( GEOMETRIC_REPRESENTATION_CONTEXT(2) 
PARAMETRIC_REPRESENTATION_CONTEXT() REPRESENTATION_CONTEXT('2D SPACE',''
  ) );
#202 = PCURVE('',#203,#208);
#203 = CONICAL_SURFACE('',#204,0.131675672225,1.377891514732);
#204 = AXIS2_PLACEMENT_3D('',#205,#206,#207);
#205 = CARTESIAN_POINT('',(1.091095727782E-02,0.,0.));
#206 = DIRECTION('',(1.,0.,0.));
#207 = DIRECTION('',(-0.,1.,0.));
#208 = DEFINITIONAL_REPRESENTATION('',(#209),#213);
#209 = LINE('',#210,#211);
#210 = CARTESIAN_POINT('',(0.,0.));
#211 = VECTOR('',#212,1.);
#212 = DIRECTION('',(1.,0.));
#213 = ( GEOMETRIC_REPRESENTATION_CONTEXT(2) 
PARAMETRIC_REPRESENTATION_CONTEXT() REPRESENTATION_CONTEXT('2D SPACE',''
  ) );
#214 = ORIENTED_EDGE('',*,*,#165,.F.);
#215 = ADVANCED_FACE('',(#216),#203,.T.);
#216 = FACE_BOUND('',#217,.T.);
#217 = EDGE_LOOP('',(#218,#219,#242,#269));
#218 = ORIENTED_EDGE('',*,*,#188,.T.);
#219 = ORIENTED_EDGE('',*,*,#220,.T.);
#220 = EDGE_CURVE('',#166,#221,#223,.T.);
#221 = VERTEX_POINT('',#222);
#222 = CARTESIAN_POINT('',(1.936289389805E-02,0.174944872965,0.));
#223 = SEAM_CURVE('',#224,(#228,#235),.PCURVE_S1.);
#224 = LINE('',#225,#226);
#225 = CARTESIAN_POINT('',(1.091095727782E-02,0.131675672225,0.));
#226 = VECTOR('',#227,1.);
#227 = DIRECTION('',(0.191710631924,0.981451493252,0.));
#228 = PCURVE('',#203,#229);
#229 = DEFINITIONAL_REPRESENTATION('',(#230),#234);
#230 = LINE('',#231,#232);
#231 = CARTESIAN_POINT('',(0.,0.));
#232 = VECTOR('',#233,1.);
#233 = DIRECTION('',(0.,1.));
#234 = ( GEOMETRIC_REPRESENTATION_CONTEXT(2) 
PARAMETRIC_REPRESENTATION_CONTEXT() REPRESENTATION_CONTEXT('2D SPACE',''
  ) );
#235 = PCURVE('',#203,#236);
#236 = DEFINITIONAL_REPRESENTATION('',(#237),#241);
#237 = LINE('',#238,#239);
#238 = CARTESIAN_POINT('',(6.28318530718,0.));
#239 = VECTOR('',#240,1.);
#240 = DIRECTION('',(0.,1.));
#241 = ( GEOMETRIC_REPRESENTATION_CONTEXT(2) 
PARAMETRIC_REPRESENTATION_CONTEXT() REPRESENTATION_CONTEXT('2D SPACE',''
  ) );
#242 = ORIENTED_EDGE('',*,*,#243,.F.);
#243 = EDGE_CURVE('',#221,#221,#244,.T.);
#244 = SURFACE_CURVE('',#245,(#250,#257),.PCURVE_S1.);
#245 = CIRCLE('',#246,0.174944872965);
#246 = AXIS2_PLACEMENT_3D('',#247,#248,#249);
#247 = CARTESIAN_POINT('',(1.936289389805E-02,0.,0.));
#248 = DIRECTION('',(1.,0.,0.));
#249 = DIRECTION('',(-0.,1.,0.));
#250 = PCURVE('',#203,#251);
#251 = DEFINITIONAL_REPRESENTATION('',(#252),#256);
#252 = LINE('',#253,#254);
#253 = CARTESIAN_POINT('',(0.,8.451936620229E-03));
#254 = VECTOR('',#255,1.);
#255 = DIRECTION('',(1.,0.));
#256 = ( GEOMETRIC_REPRESENTATION_CONTEXT(2) 
PARAMETRIC_REPRESENTATION_CONTEXT() REPRESENTATION_CONTEXT('2D SPACE',''
  ) );
#257 = PCURVE('',#258,#263);
#258 = CONICAL_SURFACE('',#259,0.174944872965,1.322775854143);
#259 = AXIS2_PLACEMENT_3D('',#260,#261,#262);
#260 = CARTESIAN_POINT('',(1.936289389805E-02,0.,0.));
#261 = DIRECTION('',(1.,0.,0.));
#262 = DIRECTION('',(-0.,1.,0.));
#263 = DEFINITIONAL_REPRESENTATION('',(#264),#268);
#264 = LINE('',#265,#266);
#265 = CARTESIAN_POINT('',(0.,0.));
#266 = VECTOR('',#267,1.);
#267 = DIRECTION('',(1.,0.));
#268 = ( GEOMETRIC_REPRESENTATION_CONTEXT(2) 
PARAMETRIC_REPRESENTATION_CONTEXT() REPRESENTATION_CONTEXT('2D SPACE',''
  ) );
#269 = ORIENTED_EDGE('',*,*,#220,.F.);
#270 = ADVANCED_FACE('',(#271),#258,.T.);
#271 = FACE_BOUND('',#272,.T.);
#272 = EDGE_LOOP('',(#273,#274,#297,#324));
#273 = ORIENTED_EDGE('',*,*,#243,.T.);
#274 = ORIENTED_EDGE('',*,*,#275,.T.);
#275 = EDGE_CURVE('',#221,#276,#278,.T.);
#276 = VERTEX_POINT('',#277);
#277 = CARTESIAN_POINT('',(3.01855997526E-02,0.217682771876,0.));
#278 = SEAM_CURVE('',#279,(#283,#290),.PCURVE_S1.);
#279 = LINE('',#280,#281);
#280 = CARTESIAN_POINT('',(1.936289389805E-02,0.174944872965,0.));
#281 = VECTOR('',#282,1.);
#282 = DIRECTION('',(0.245485487141,0.969400265939,0.));
#283 = PCURVE('',#258,#284);
#284 = DEFINITIONAL_REPRESENTATION('',(#285),#289);
#285 = LINE('',#286,#287);
#286 = CARTESIAN_POINT('',(0.,0.));
#287 = VECTOR('',#288,1.);
#288 = DIRECTION('',(0.,1.));
#289 = ( GEOMETRIC_REPRESENTATION_CONTEXT(2) 
PARAMETRIC_REPRESENTATION_CONTEXT() REPRESENTATION_CONTEXT('2D SPACE',''
  ) );
#290 = PCURVE('',#258,#291);
#291 = DEFINITIONAL_REPRESENTATION('',(#292),#296);
#292 = LINE('',#293,#294);
#293 = CARTESIAN_POINT('',(6.28318530718,0.));
#294 = VECTOR('',#295,1.);
#295 = DIRECTION('',(0.,1.));
#296 = ( GEOMETRIC_REPRESENTATION_CONTEXT(2) 
PARAMETRIC_REPRESENTATION_CONTEXT() REPRESENTATION_CONTEXT('2D SPACE',''
  ) );
#297 = ORIENTED_EDGE('',*,*,#298,.F.);
#298 = EDGE_CURVE('',#276,#276,#299,.T.);
#299 = SURFACE_CURVE('',#300,(#305,#312),.PCURVE_S1.);
#300 = CIRCLE('',#301,0.217682771876);
#301 = AXIS2_PLACEMENT_3D('',#302,#303,#304);
#302 = CARTESIAN_POINT('',(3.01855997526E-02,0.,0.));
#303 = DIRECTION('',(1.,0.,0.));
#304 = DIRECTION('',(-0.,1.,0.));
#305 = PCURVE('',#258,#306);
#306 = DEFINITIONAL_REPRESENTATION('',(#307),#311);
#307 = LINE('',#308,#309);
#308 = CARTESIAN_POINT('',(0.,1.082270585455E-02));
#309 = VECTOR('',#310,1.);
#310 = DIRECTION('',(1.,0.));
#311 = ( GEOMETRIC_REPRESENTATION_CONTEXT(2) 
PARAMETRIC_REPRESENTATION_CONTEXT() REPRESENTATION_CONTEXT('2D SPACE',''
  ) );
#312 = PCURVE('',#313,#318);
#313 = CONICAL_SURFACE('',#314,0.217682771876,1.267660193554);
#314 = AXIS2_PLACEMENT_3D('',#315,#316,#317);
#315 = CARTESIAN_POINT('',(3.01855997526E-02,0.,0.));
#316 = DIRECTION('',(1.,0.,0.));
#317 = DIRECTION('',(-0.,1.,0.));
#318 = DEFINITIONAL_REPRESENTATION('',(#319),#323);
#319 = LINE('',#320,#321);
#320 = CARTESIAN_POINT('',(0.,0.));
#321 = VECTOR('',#322,1.);
#322 = DIRECTION('',(1.,0.));
#323 = ( GEOMETRIC_REPRESENTATION_CONTEXT(2) 
PARAMETRIC_REPRESENTATION_CONTEXT() REPRESENTATION_CONTEXT('2D SPACE',''
  ) );
#324 = ORIENTED_EDGE('',*,*,#275,.F.);
#325 = ADVANCED_FACE('',(#326),#313,.T.);
#326 = FACE_BOUND('',#327,.T.);
#327 = EDGE_LOOP('',(#328,#329,#352,#379));
#328 = ORIENTED_EDGE('',*,*,#298,.T.);
#329 = ORIENTED_EDGE('',*,*,#330,.T.);
#330 = EDGE_CURVE('',#276,#331,#333,.T.);
#331 = VERTEX_POINT('',#332);
#332 = CARTESIAN_POINT('',(4.334620663949E-02,0.259759575364,0.));
#333 = SEAM_CURVE('',#334,(#338,#345),.PCURVE_S1.);
#334 = LINE('',#335,#336);
#335 = CARTESIAN_POINT('',(3.01855997526E-02,0.217682771876,0.));
#336 = VECTOR('',#337,1.);
#337 = DIRECTION('',(0.298514811002,0.95440500188,0.));
#338 = PCURVE('',#313,#339);
#339 = DEFINITIONAL_REPRESENTATION('',(#340),#344);
#340 = LINE('',#341,#342);
#341 = CARTESIAN_POINT('',(0.,0.));
#342 = VECTOR('',#343,1.);
#343 = DIRECTION('',(0.,1.));
#344 = ( GEOMETRIC_REPRESENTATION_CONTEXT(2) 
PARAMETRIC_REPRESENTATION_CONTEXT() REPRESENTATION_CONTEXT('2D SPACE',''
  ) );
#345 = PCURVE('',#313,#346);
#346 = DEFINITIONAL_REPRESENTATION('',(#347),#351);
#347 = LINE('',#348,#349);
#348 = CARTESIAN_POINT('',(6.28318530718,0.));
#349 = VECTOR('',#350,1.);
#350 = DIRECTION('',(0.,1.));
#351 = ( GEOMETRIC_REPRESENTATION_CONTEXT(2) 
PARAMETRIC_REPRESENTATION_CONTEXT() REPRESENTATION_CONTEXT('2D SPACE',''
  ) );
#352 = ORIENTED_EDGE('',*,*,#353,.F.);
#353 = EDGE_CURVE('',#331,#331,#354,.T.);
#354 = SURFACE_CURVE('',#355,(#360,#367),.PCURVE_S1.);
#355 = CIRCLE('',#356,0.259759575364);
#356 = AXIS2_PLACEMENT_3D('',#357,#358,#359);
#357 = CARTESIAN_POINT('',(4.334620663949E-02,0.,0.));
#358 = DIRECTION('',(1.,0.,0.));
#359 = DIRECTION('',(-0.,1.,0.));
#360 = PCURVE('',#313,#361);
#361 = DEFINITIONAL_REPRESENTATION('',(#362),#366);
#362 = LINE('',#363,#364);
#363 = CARTESIAN_POINT('',(0.,1.316060688689E-02));
#364 = VECTOR('',#365,1.);
#365 = DIRECTION('',(1.,0.));
#366 = ( GEOMETRIC_REPRESENTATION_CONTEXT(2) 
PARAMETRIC_REPRESENTATION_CONTEXT() REPRESENTATION_CONTEXT('2D SPACE',''
  ) );
#367 = PCURVE('',#368,#373);
#368 = CONICAL_SURFACE('',#369,0.259759575364,1.212544532964);
#369 = AXIS2_PLACEMENT_3D('',#370,#371,#372);
#370 = CARTESIAN_POINT('',(4.334620663949E-02,0.,0.));
#371 = DIRECTION('',(1.,0.,0.));
#372 = DIRECTION('',(-0.,1.,0.));
#373 = DEFINITIONAL_REPRESENTATION('',(#374),#378);
#374 = LINE('',#375,#376);
#375 = CARTESIAN_POINT('',(0.,0.));
#376 = VECTOR('',#377,1.);
#377 = DIRECTION('',(1.,0.));
#378 = ( GEOMETRIC_REPRESENTATION_CONTEXT(2) 
PARAMETRIC_REPRESENTATION_CONTEXT() REPRESENTATION_CONTEXT('2D SPACE',''
  ) );
#379 = ORIENTED_EDGE('',*,*,#330,.F.);
#380 = ADVANCED_FACE('',(#381),#368,.T.);
#381 = FACE_BOUND('',#382,.T.);
#382 = EDGE_LOOP('',(#383,#384,#407,#434));
#383 = ORIENTED_EDGE('',*,*,#353,.T.);
#384 = ORIENTED_EDGE('',*,*,#385,.T.);
#385 = EDGE_CURVE('',#331,#386,#388,.T.);
#386 = VERTEX_POINT('',#387);
#387 = CARTESIAN_POINT('',(5.880474622816E-02,0.301047497558,0.));
#388 = SEAM_CURVE('',#389,(#393,#400),.PCURVE_S1.);
#389 = LINE('',#390,#391);
#390 = CARTESIAN_POINT('',(4.334620663949E-02,0.259759575364,0.));
#391 = VECTOR('',#392,1.);
#392 = DIRECTION('',(0.350637555193,0.936511241197,0.));
#393 = PCURVE('',#368,#394);
#394 = DEFINITIONAL_REPRESENTATION('',(#395),#399);
#395 = LINE('',#396,#397);
#396 = CARTESIAN_POINT('',(0.,0.));
#397 = VECTOR('',#398,1.);
#398 = DIRECTION('',(0.,1.));
#399 = ( GEOMETRIC_REPRESENTATION_CONTEXT(2) 
PARAMETRIC_REPRESENTATION_CONTEXT() REPRESENTATION_CONTEXT('2D SPACE',''
  ) );
#400 = PCURVE('',#368,#401);
#401 = DEFINITIONAL_REPRESENTATION('',(#402),#406);
#402 = LINE('',#403,#404);
#403 = CARTESIAN_POINT('',(6.28318530718,0.));
#404 = VECTOR('',#405,1.);
#405 = DIRECTION('',(0.,1.));
#406 = ( GEOMETRIC_REPRESENTATION_CONTEXT(2) 
PARAMETRIC_REPRESENTATION_CONTEXT() REPRESENTATION_CONTEXT('2D SPACE',''
  ) );
#407 = ORIENTED_EDGE('',*,*,#408,.F.);
#408 = EDGE_CURVE('',#386,#386,#409,.T.);
#409 = SURFACE_CURVE('',#410,(#415,#422),.PCURVE_S1.);
#410 = CIRCLE('',#411,0.301047497558);
#411 = AXIS2_PLACEMENT_3D('',#412,#413,#414);
#412 = CARTESIAN_POINT('',(5.880474622816E-02,0.,0.));
#413 = DIRECTION('',(1.,0.,0.));
#414 = DIRECTION('',(-0.,1.,0.));
#415 = PCURVE('',#368,#416);
#416 = DEFINITIONAL_REPRESENTATION('',(#417),#421);
#417 = LINE('',#418,#419);
#418 = CARTESIAN_POINT('',(0.,1.545853958867E-02));
#419 = VECTOR('',#420,1.);
#420 = DIRECTION('',(1.,0.));
#421 = ( GEOMETRIC_REPRESENTATION_CONTEXT(2) 
PARAMETRIC_REPRESENTATION_CONTEXT() REPRESENTATION_CONTEXT('2D SPACE',''
  ) );
#422 = PCURVE('',#423,#428);
#423 = CONICAL_SURFACE('',#424,0.301047497558,1.157428872375);
#424 = AXIS2_PLACEMENT_3D('',#425,#426,#427);
#425 = CARTESIAN_POINT('',(5.880474622816E-02,0.,0.));
#426 = DIRECTION('',(1.,0.,0.));
#427 = DIRECTION('',(-0.,1.,0.));
#428 = DEFINITIONAL_REPRESENTATION('',(#429),#433);
#429 = LINE('',#430,#431);
#430 = CARTESIAN_POINT('',(0.,0.));
#431 = VECTOR('',#432,1.);
#432 = DIRECTION('',(1.,0.));
#433 = ( GEOMETRIC_REPRESENTATION_CONTEXT(2) 
PARAMETRIC_REPRESENTATION_CONTEXT() REPRESENTATION_CONTEXT('2D SPACE',''
  ) );
#434 = ORIENTED_EDGE('',*,*,#385,.F.);
#435 = ADVANCED_FACE('',(#436),#423,.T.);
#436 = FACE_BOUND('',#437,.T.);
#437 = EDGE_LOOP('',(#438,#439,#462,#489));
#438 = ORIENTED_EDGE('',*,*,#408,.T.);
#439 = ORIENTED_EDGE('',*,*,#440,.T.);
#440 = EDGE_CURVE('',#386,#441,#443,.T.);
#441 = VERTEX_POINT('',#442);
#442 = CARTESIAN_POINT('',(7.651427144194E-02,0.341421148397,0.));
#443 = SEAM_CURVE('',#444,(#448,#455),.PCURVE_S1.);
#444 = LINE('',#445,#446);
#445 = CARTESIAN_POINT('',(5.880474622816E-02,0.301047497558,0.));
#446 = VECTOR('',#447,1.);
#447 = DIRECTION('',(0.401695424653,0.915773326655,0.));
#448 = PCURVE('',#423,#449);
#449 = DEFINITIONAL_REPRESENTATION('',(#450),#454);
#450 = LINE('',#451,#452);
#451 = CARTESIAN_POINT('',(0.,0.));
#452 = VECTOR('',#453,1.);
#453 = DIRECTION('',(0.,1.));
#454 = ( GEOMETRIC_REPRESENTATION_CONTEXT(2) 
PARAMETRIC_REPRESENTATION_CONTEXT() REPRESENTATION_CONTEXT('2D SPACE',''
  ) );
#455 = PCURVE('',#423,#456);
#456 = DEFINITIONAL_REPRESENTATION('',(#457),#461);
#457 = LINE('',#458,#459);
#458 = CARTESIAN_POINT('',(6.28318530718,0.));
#459 = VECTOR('',#460,1.);
#460 = DIRECTION('',(0.,1.));
#461 = ( GEOMETRIC_REPRESENTATION_CONTEXT(2) 
PARAMETRIC_REPRESENTATION_CONTEXT() REPRESENTATION_CONTEXT('2D SPACE',''
  ) );
#462 = ORIENTED_EDGE('',*,*,#463,.F.);
#463 = EDGE_CURVE('',#441,#441,#464,.T.);
#464 = SURFACE_CURVE('',#465,(#470,#477),.PCURVE_S1.);
#465 = CIRCLE('',#466,0.341421148397);
#466 = AXIS2_PLACEMENT_3D('',#467,#468,#469);
#467 = CARTESIAN_POINT('',(7.651427144194E-02,0.,0.));
#468 = DIRECTION('',(1.,0.,0.));
#469 = DIRECTION('',(-0.,1.,0.));
#470 = PCURVE('',#423,#471);
#471 = DEFINITIONAL_REPRESENTATION('',(#472),#476);
#472 = LINE('',#473,#474);
#473 = CARTESIAN_POINT('',(0.,1.770952521378E-02));
#474 = VECTOR('',#475,1.);
#475 = DIRECTION('',(1.,0.));
#476 = ( GEOMETRIC_REPRESENTATION_CONTEXT(2) 
PARAMETRIC_REPRESENTATION_CONTEXT() REPRESENTATION_CONTEXT('2D SPACE',''
  ) );
#477 = PCURVE('',#478,#483);
#478 = CONICAL_SURFACE('',#479,0.341421148397,1.102313211786);
#479 = AXIS2_PLACEMENT_3D('',#480,#481,#482);
#480 = CARTESIAN_POINT('',(7.651427144194E-02,0.,0.));
#481 = DIRECTION('',(1.,0.,0.));
#482 = DIRECTION('',(-0.,1.,0.));
#483 = DEFINITIONAL_REPRESENTATION('',(#484),#488);
#484 = LINE('',#485,#486);
#485 = CARTESIAN_POINT('',(0.,0.));
#486 = VECTOR('',#487,1.);
#487 = DIRECTION('',(1.,0.));
#488 = ( GEOMETRIC_REPRESENTATION_CONTEXT(2) 
PARAMETRIC_REPRESENTATION_CONTEXT() REPRESENTATION_CONTEXT('2D SPACE',''
  ) );
#489 = ORIENTED_EDGE('',*,*,#440,.F.);
#490 = ADVANCED_FACE('',(#491),#478,.T.);
#491 = FACE_BOUND('',#492,.T.);
#492 = EDGE_LOOP('',(#493,#494,#517,#544));
#493 = ORIENTED_EDGE('',*,*,#463,.T.);
#494 = ORIENTED_EDGE('',*,*,#495,.T.);
#495 = EDGE_CURVE('',#441,#496,#498,.T.);
#496 = VERTEX_POINT('',#497);
#497 = CARTESIAN_POINT('',(9.642099903481E-02,0.38075791443,0.));
#498 = SEAM_CURVE('',#499,(#503,#510),.PCURVE_S1.);
#499 = LINE('',#500,#501);
#500 = CARTESIAN_POINT('',(7.651427144194E-02,0.341421148397,0.));
#501 = VECTOR('',#502,1.);
#502 = DIRECTION('',(0.451533358311,0.892254238618,0.));
#503 = PCURVE('',#478,#504);
#504 = DEFINITIONAL_REPRESENTATION('',(#505),#509);
#505 = LINE('',#506,#507);
#506 = CARTESIAN_POINT('',(0.,0.));
#507 = VECTOR('',#508,1.);
#508 = DIRECTION('',(0.,1.));
#509 = ( GEOMETRIC_REPRESENTATION_CONTEXT(2) 
PARAMETRIC_REPRESENTATION_CONTEXT() REPRESENTATION_CONTEXT('2D SPACE',''
  ) );
#510 = PCURVE('',#478,#511);
#511 = DEFINITIONAL_REPRESENTATION('',(#512),#516);
#512 = LINE('',#513,#514);
#513 = CARTESIAN_POINT('',(6.28318530718,0.));
#514 = VECTOR('',#515,1.);
#515 = DIRECTION('',(0.,1.));
#516 = ( GEOMETRIC_REPRESENTATION_CONTEXT(2) 
PARAMETRIC_REPRESENTATION_CONTEXT() REPRESENTATION_CONTEXT('2D SPACE',''
  ) );
#517 = ORIENTED_EDGE('',*,*,#518,.F.);
#518 = EDGE_CURVE('',#496,#496,#519,.T.);
#519 = SURFACE_CURVE('',#520,(#525,#532),.PCURVE_S1.);
#520 = CIRCLE('',#521,0.38075791443);
#521 = AXIS2_PLACEMENT_3D('',#522,#523,#524);
#522 = CARTESIAN_POINT('',(9.642099903481E-02,0.,0.));
#523 = DIRECTION('',(1.,0.,0.));
#524 = DIRECTION('',(-0.,1.,0.));
#525 = PCURVE('',#478,#526);
#526 = DEFINITIONAL_REPRESENTATION('',(#527),#531);
#527 = LINE('',#528,#529);
#528 = CARTESIAN_POINT('',(0.,1.990672759287E-02));
#529 = VECTOR('',#530,1.);
#530 = DIRECTION('',(1.,0.));
#531 = ( GEOMETRIC_REPRESENTATION_CONTEXT(2) 
PARAMETRIC_REPRESENTATION_CONTEXT() REPRESENTATION_CONTEXT('2D SPACE',''
  ) );
#532 = PCURVE('',#533,#538);
#533 = CONICAL_SURFACE('',#534,0.38075791443,1.047197551197);
#534 = AXIS2_PLACEMENT_3D('',#535,#536,#537);
#535 = CARTESIAN_POINT('',(9.642099903481E-02,0.,0.));
#536 = DIRECTION('',(1.,0.,0.));
#537 = DIRECTION('',(-0.,1.,0.));
#538 = DEFINITIONAL_REPRESENTATION('',(#539),#543);
#539 = LINE('',#540,#541);
#540 = CARTESIAN_POINT('',(0.,0.));
#541 = VECTOR('',#542,1.);
#542 = DIRECTION('',(1.,0.));
#543 = ( GEOMETRIC_REPRESENTATION_CONTEXT(2) 
PARAMETRIC_REPRESENTATION_CONTEXT() REPRESENTATION_CONTEXT('2D SPACE',''
  ) );
#544 = ORIENTED_EDGE('',*,*,#495,.F.);
#545 = ADVANCED_FACE('',(#546),#533,.T.);
#546 = FACE_BOUND('',#547,.T.);
#547 = EDGE_LOOP('',(#548,#549,#572,#599));
#548 = ORIENTED_EDGE('',*,*,#518,.T.);
#549 = ORIENTED_EDGE('',*,*,#550,.T.);
#550 = EDGE_CURVE('',#496,#551,#553,.T.);
#551 = VERTEX_POINT('',#552);
#552 = CARTESIAN_POINT('',(0.118464472929,0.41893833119,0.));
#553 = SEAM_CURVE('',#554,(#558,#565),.PCURVE_S1.);
#554 = LINE('',#555,#556);
#555 = CARTESIAN_POINT('',(9.642099903481E-02,0.38075791443,0.));
#556 = VECTOR('',#557,1.);
#557 = DIRECTION('',(0.5,0.866025403784,0.));
#558 = PCURVE('',#533,#559);
#559 = DEFINITIONAL_REPRESENTATION('',(#560),#564);
#560 = LINE('',#561,#562);
#561 = CARTESIAN_POINT('',(0.,0.));
#562 = VECTOR('',#563,1.);
#563 = DIRECTION('',(0.,1.));
#564 = ( GEOMETRIC_REPRESENTATION_CONTEXT(2) 
PARAMETRIC_REPRESENTATION_CONTEXT() REPRESENTATION_CONTEXT('2D SPACE',''
  ) );
#565 = PCURVE('',#533,#566);
#566 = DEFINITIONAL_REPRESENTATION('',(#567),#571);
#567 = LINE('',#568,#569);
#568 = CARTESIAN_POINT('',(6.28318530718,0.));
#569 = VECTOR('',#570,1.);
#570 = DIRECTION('',(0.,1.));
#571 = ( GEOMETRIC_REPRESENTATION_CONTEXT(2) 
PARAMETRIC_REPRESENTATION_CONTEXT() REPRESENTATION_CONTEXT('2D SPACE',''
  ) );
#572 = ORIENTED_EDGE('',*,*,#573,.F.);
#573 = EDGE_CURVE('',#551,#551,#574,.T.);
#574 = SURFACE_CURVE('',#575,(#580,#587),.PCURVE_S1.);
#575 = CIRCLE('',#576,0.41893833119);
#576 = AXIS2_PLACEMENT_3D('',#577,#578,#579);
#577 = CARTESIAN_POINT('',(0.118464472929,0.,0.));
#578 = DIRECTION('',(1.,0.,0.));
#579 = DIRECTION('',(-0.,1.,0.));
#580 = PCURVE('',#533,#581);
#581 = DEFINITIONAL_REPRESENTATION('',(#582),#586);
#582 = LINE('',#583,#584);
#583 = CARTESIAN_POINT('',(0.,2.204347389453E-02));
#584 = VECTOR('',#585,1.);
#585 = DIRECTION('',(1.,0.));
#586 = ( GEOMETRIC_REPRESENTATION_CONTEXT(2) 
PARAMETRIC_REPRESENTATION_CONTEXT() REPRESENTATION_CONTEXT('2D SPACE',''
  ) );
#587 = PCURVE('',#588,#593);
#588 = CONICAL_SURFACE('',#589,0.41893833119,0.992081890607);
#589 = AXIS2_PLACEMENT_3D('',#590,#591,#592);
#590 = CARTESIAN_POINT('',(0.118464472929,0.,0.));
#591 = DIRECTION('',(1.,0.,0.));
#592 = DIRECTION('',(-0.,1.,0.));
#593 = DEFINITIONAL_REPRESENTATION('',(#594),#598);
#594 = LINE('',#595,#596);
#595 = CARTESIAN_POINT('',(0.,0.));
#596 = VECTOR('',#597,1.);
#597 = DIRECTION('',(1.,0.));
#598 = ( GEOMETRIC_REPRESENTATION_CONTEXT(2) 
PARAMETRIC_REPRESENTATION_CONTEXT() REPRESENTATION_CONTEXT('2D SPACE',''
  ) );
#599 = ORIENTED_EDGE('',*,*,#550,.F.);
#600 = ADVANCED_FACE('',(#601),#588,.T.);
#601 = FACE_BOUND('',#602,.T.);
#602 = EDGE_LOOP('',(#603,#604,#627,#654));
#603 = ORIENTED_EDGE('',*,*,#573,.T.);
#604 = ORIENTED_EDGE('',*,*,#605,.T.);
#605 = EDGE_CURVE('',#551,#606,#608,.T.);
#606 = VERTEX_POINT('',#607);
#607 = CARTESIAN_POINT('',(0.14257774782,0.455846446008,0.));
#608 = SEAM_CURVE('',#609,(#613,#620),.PCURVE_S1.);
#609 = LINE('',#610,#611);
#610 = CARTESIAN_POINT('',(0.118464472929,0.41893833119,0.));
#611 = VECTOR('',#612,1.);
#612 = DIRECTION('',(0.546948158122,0.837166478263,0.));
#613 = PCURVE('',#588,#614);
#614 = DEFINITIONAL_REPRESENTATION('',(#615),#619);
#615 = LINE('',#616,#617);
#616 = CARTESIAN_POINT('',(0.,0.));
#617 = VECTOR('',#618,1.);
#618 = DIRECTION('',(0.,1.));
#619 = ( GEOMETRIC_REPRESENTATION_CONTEXT(2) 
PARAMETRIC_REPRESENTATION_CONTEXT() REPRESENTATION_CONTEXT('2D SPACE',''
  ) );
#620 = PCURVE('',#588,#621);
#621 = DEFINITIONAL_REPRESENTATION('',(#622),#626);
#622 = LINE('',#623,#624);
#623 = CARTESIAN_POINT('',(6.28318530718,0.));
#624 = VECTOR('',#625,1.);
#625 = DIRECTION('',(0.,1.));
#626 = ( GEOMETRIC_REPRESENTATION_CONTEXT(2) 
PARAMETRIC_REPRESENTATION_CONTEXT() REPRESENTATION_CONTEXT('2D SPACE',''
  ) );
#627 = ORIENTED_EDGE('',*,*,#628,.F.);
#628 = EDGE_CURVE('',#606,#606,#629,.T.);
#629 = SURFACE_CURVE('',#630,(#635,#642),.PCURVE_S1.);
#630 = CIRCLE('',#631,0.455846446008);
#631 = AXIS2_PLACEMENT_3D('',#632,#633,#634);
#632 = CARTESIAN_POINT('',(0.14257774782,0.,0.));
#633 = DIRECTION('',(1.,0.,0.));
#634 = DIRECTION('',(-0.,1.,0.));
#635 = PCURVE('',#588,#636);
#636 = DEFINITIONAL_REPRESENTATION('',(#637),#641);
#637 = LINE('',#638,#639);
#638 = CARTESIAN_POINT('',(0.,2.411327489047E-02));
#639 = VECTOR('',#640,1.);
#640 = DIRECTION('',(1.,0.));
#641 = ( GEOMETRIC_REPRESENTATION_CONTEXT(2) 
PARAMETRIC_REPRESENTATION_CONTEXT() REPRESENTATION_CONTEXT('2D SPACE',''
  ) );
#642 = PCURVE('',#643,#648);
#643 = CONICAL_SURFACE('',#644,0.455846446008,0.936966230018);
#644 = AXIS2_PLACEMENT_3D('',#645,#646,#647);
#645 = CARTESIAN_POINT('',(0.14257774782,0.,0.));
#646 = DIRECTION('',(1.,0.,0.));
#647 = DIRECTION('',(-0.,1.,0.));
#648 = DEFINITIONAL_REPRESENTATION('',(#649),#653);
#649 = LINE('',#650,#651);
#650 = CARTESIAN_POINT('',(0.,0.));
#651 = VECTOR('',#652,1.);
#652 = DIRECTION('',(1.,0.));
#653 = ( GEOMETRIC_REPRESENTATION_CONTEXT(2) 
PARAMETRIC_REPRESENTATION_CONTEXT() REPRESENTATION_CONTEXT('2D SPACE',''
  ) );
#654 = ORIENTED_EDGE('',*,*,#605,.F.);
#655 = ADVANCED_FACE('',(#656),#643,.T.);
#656 = FACE_BOUND('',#657,.T.);
#657 = EDGE_LOOP('',(#658,#659,#682,#709));
#658 = ORIENTED_EDGE('',*,*,#628,.T.);
#659 = ORIENTED_EDGE('',*,*,#660,.T.);
#660 = EDGE_CURVE('',#606,#661,#663,.T.);
#661 = VERTEX_POINT('',#662);
#662 = CARTESIAN_POINT('',(0.168687592483,0.491370170152,0.));
#663 = SEAM_CURVE('',#664,(#668,#675),.PCURVE_S1.);
#664 = LINE('',#665,#666);
#665 = CARTESIAN_POINT('',(0.14257774782,0.455846446008,0.));
#666 = VECTOR('',#667,1.);
#667 = DIRECTION('',(0.592235252665,0.805765105661,0.));
#668 = PCURVE('',#643,#669);
#669 = DEFINITIONAL_REPRESENTATION('',(#670),#674);
#670 = LINE('',#671,#672);
#671 = CARTESIAN_POINT('',(0.,0.));
#672 = VECTOR('',#673,1.);
#673 = DIRECTION('',(0.,1.));
#674 = ( GEOMETRIC_REPRESENTATION_CONTEXT(2) 
PARAMETRIC_REPRESENTATION_CONTEXT() REPRESENTATION_CONTEXT('2D SPACE',''
  ) );
#675 = PCURVE('',#643,#676);
#676 = DEFINITIONAL_REPRESENTATION('',(#677),#681);
#677 = LINE('',#678,#679);
#678 = CARTESIAN_POINT('',(6.28318530718,0.));
#679 = VECTOR('',#680,1.);
#680 = DIRECTION('',(0.,1.));
#681 = ( GEOMETRIC_REPRESENTATION_CONTEXT(2) 
PARAMETRIC_REPRESENTATION_CONTEXT() REPRESENTATION_CONTEXT('2D SPACE',''
  ) );
#682 = ORIENTED_EDGE('',*,*,#683,.F.);
#683 = EDGE_CURVE('',#661,#661,#684,.T.);
#684 = SURFACE_CURVE('',#685,(#690,#697),.PCURVE_S1.);
#685 = CIRCLE('',#686,0.491370170152);
#686 = AXIS2_PLACEMENT_3D('',#687,#688,#689);
#687 = CARTESIAN_POINT('',(0.168687592483,0.,0.));
#688 = DIRECTION('',(1.,0.,0.));
#689 = DIRECTION('',(-0.,1.,0.));
#690 = PCURVE('',#643,#691);
#691 = DEFINITIONAL_REPRESENTATION('',(#692),#696);
#692 = LINE('',#693,#694);
#693 = CARTESIAN_POINT('',(0.,2.610984466308E-02));
#694 = VECTOR('',#695,1.);
#695 = DIRECTION('',(1.,0.));
#696 = ( GEOMETRIC_REPRESENTATION_CONTEXT(2) 
PARAMETRIC_REPRESENTATION_CONTEXT() REPRESENTATION_CONTEXT('2D SPACE',''
  ) );
#697 = PCURVE('',#698,#703);
#698 = CONICAL_SURFACE('',#699,0.491370170152,0.881850569429);
#699 = AXIS2_PLACEMENT_3D('',#700,#701,#702);
#700 = CARTESIAN_POINT('',(0.168687592483,0.,0.));
#701 = DIRECTION('',(1.,0.,0.));
#702 = DIRECTION('',(-0.,1.,0.));
#703 = DEFINITIONAL_REPRESENTATION('',(#704),#708);
#704 = LINE('',#705,#706);
#705 = CARTESIAN_POINT('',(0.,0.));
#706 = VECTOR('',#707,1.);
#707 = DIRECTION('',(1.,0.));
#708 = ( GEOMETRIC_REPRESENTATION_CONTEXT(2) 
PARAMETRIC_REPRESENTATION_CONTEXT() REPRESENTATION_CONTEXT('2D SPACE',''
  ) );
#709 = ORIENTED_EDGE('',*,*,#660,.F.);
#710 = ADVANCED_FACE('',(#711),#698,.T.);
#711 = FACE_BOUND('',#712,.T.);
#712 = EDGE_LOOP('',(#713,#714,#737,#764));
#713 = ORIENTED_EDGE('',*,*,#683,.T.);
#714 = ORIENTED_EDGE('',*,*,#715,.T.);
#715 = EDGE_CURVE('',#661,#716,#718,.T.);
#716 = VERTEX_POINT('',#717);
#717 = CARTESIAN_POINT('',(0.196714712178,0.525401619238,0.));
#718 = SEAM_CURVE('',#719,(#723,#730),.PCURVE_S1.);
#719 = LINE('',#720,#721);
#720 = CARTESIAN_POINT('',(0.168687592483,0.491370170152,0.));
#721 = VECTOR('',#722,1.);
#722 = DIRECTION('',(0.63572374821,0.771916650916,0.));
#723 = PCURVE('',#698,#724);
#724 = DEFINITIONAL_REPRESENTATION('',(#725),#729);
#725 = LINE('',#726,#727);
#726 = CARTESIAN_POINT('',(0.,0.));
#727 = VECTOR('',#728,1.);
#728 = DIRECTION('',(0.,1.));
#729 = ( GEOMETRIC_REPRESENTATION_CONTEXT(2) 
PARAMETRIC_REPRESENTATION_CONTEXT() REPRESENTATION_CONTEXT('2D SPACE',''
  ) );
#730 = PCURVE('',#698,#731);
#731 = DEFINITIONAL_REPRESENTATION('',(#732),#736);
#732 = LINE('',#733,#734);
#733 = CARTESIAN_POINT('',(6.28318530718,0.));
#734 = VECTOR('',#735,1.);
#735 = DIRECTION('',(0.,1.));
#736 = ( GEOMETRIC_REPRESENTATION_CONTEXT(2) 
PARAMETRIC_REPRESENTATION_CONTEXT() REPRESENTATION_CONTEXT('2D SPACE',''
  ) );
#737 = ORIENTED_EDGE('',*,*,#738,.F.);
#738 = EDGE_CURVE('',#716,#716,#739,.T.);
#739 = SURFACE_CURVE('',#740,(#745,#752),.PCURVE_S1.);
#740 = CIRCLE('',#741,0.525401619238);
#741 = AXIS2_PLACEMENT_3D('',#742,#743,#744);
#742 = CARTESIAN_POINT('',(0.196714712178,0.,0.));
#743 = DIRECTION('',(1.,0.,0.));
#744 = DIRECTION('',(-0.,1.,0.));
#745 = PCURVE('',#698,#746);
#746 = DEFINITIONAL_REPRESENTATION('',(#747),#751);
#747 = LINE('',#748,#749);
#748 = CARTESIAN_POINT('',(0.,2.80271196956E-02));
#749 = VECTOR('',#750,1.);
#750 = DIRECTION('',(1.,0.));
#751 = ( GEOMETRIC_REPRESENTATION_CONTEXT(2) 
PARAMETRIC_REPRESENTATION_CONTEXT() REPRESENTATION_CONTEXT('2D SPACE',''
  ) );
#752 = PCURVE('',#753,#758);
#753 = CONICAL_SURFACE('',#754,0.525401619238,0.826734908839);
#754 = AXIS2_PLACEMENT_3D('',#755,#756,#757);
#755 = CARTESIAN_POINT('',(0.196714712178,0.,0.));
#756 = DIRECTION('',(1.,0.,0.));
#757 = DIRECTION('',(-0.,1.,0.));
#758 = DEFINITIONAL_REPRESENTATION('',(#759),#763);
#759 = LINE('',#760,#761);
#760 = CARTESIAN_POINT('',(0.,0.));
#761 = VECTOR('',#762,1.);
#762 = DIRECTION('',(1.,0.));
#763 = ( GEOMETRIC_REPRESENTATION_CONTEXT(2) 
PARAMETRIC_REPRESENTATION_CONTEXT() REPRESENTATION_CONTEXT('2D SPACE',''
  ) );
#764 = ORIENTED_EDGE('',*,*,#715,.F.);
#765 = ADVANCED_FACE('',(#766),#753,.T.);
#766 = FACE_BOUND('',#767,.T.);
#767 = EDGE_LOOP('',(#768,#769,#792,#819));
#768 = ORIENTED_EDGE('',*,*,#738,.T.);
#769 = ORIENTED_EDGE('',*,*,#770,.T.);
#770 = EDGE_CURVE('',#716,#771,#773,.T.);
#771 = VERTEX_POINT('',#772);
#772 = CARTESIAN_POINT('',(0.226573989465,0.557837440875,0.));
#773 = SEAM_CURVE('',#774,(#778,#785),.PCURVE_S1.);
#774 = LINE('',#775,#776);
#775 = CARTESIAN_POINT('',(0.196714712178,0.525401619238,0.));
#776 = VECTOR('',#777,1.);
#777 = DIRECTION('',(0.677281571626,0.735723910673,0.));
#778 = PCURVE('',#753,#779);
#779 = DEFINITIONAL_REPRESENTATION('',(#780),#784);
#780 = LINE('',#781,#782);
#781 = CARTESIAN_POINT('',(0.,0.));
#782 = VECTOR('',#783,1.);
#783 = DIRECTION('',(0.,1.));
#784 = ( GEOMETRIC_REPRESENTATION_CONTEXT(2) 
PARAMETRIC_REPRESENTATION_CONTEXT() REPRESENTATION_CONTEXT('2D SPACE',''
  ) );
#785 = PCURVE('',#753,#786);
#786 = DEFINITIONAL_REPRESENTATION('',(#787),#791);
#787 = LINE('',#788,#789);
#788 = CARTESIAN_POINT('',(6.28318530718,0.));
#789 = VECTOR('',#790,1.);
#790 = DIRECTION('',(0.,1.));
#791 = ( GEOMETRIC_REPRESENTATION_CONTEXT(2) 
PARAMETRIC_REPRESENTATION_CONTEXT() REPRESENTATION_CONTEXT('2D SPACE',''
  ) );
#792 = ORIENTED_EDGE('',*,*,#793,.F.);
#793 = EDGE_CURVE('',#771,#771,#794,.T.);
#794 = SURFACE_CURVE('',#795,(#800,#807),.PCURVE_S1.);
#795 = CIRCLE('',#796,0.557837440875);
#796 = AXIS2_PLACEMENT_3D('',#797,#798,#799);
#797 = CARTESIAN_POINT('',(0.226573989465,0.,0.));
#798 = DIRECTION('',(1.,0.,0.));
#799 = DIRECTION('',(-0.,1.,0.));
#800 = PCURVE('',#753,#801);
#801 = DEFINITIONAL_REPRESENTATION('',(#802),#806);
#802 = LINE('',#803,#804);
#803 = CARTESIAN_POINT('',(0.,2.985927728676E-02));
#804 = VECTOR('',#805,1.);
#805 = DIRECTION('',(1.,0.));
#806 = ( GEOMETRIC_REPRESENTATION_CONTEXT(2) 
PARAMETRIC_REPRESENTATION_CONTEXT() REPRESENTATION_CONTEXT('2D SPACE',''
  ) );
#807 = PCURVE('',#808,#813);
#808 = CONICAL_SURFACE('',#809,0.557837440875,0.77161924825);
#809 = AXIS2_PLACEMENT_3D('',#810,#811,#812);
#810 = CARTESIAN_POINT('',(0.226573989465,0.,0.));
#811 = DIRECTION('',(1.,0.,0.));
#812 = DIRECTION('',(-0.,1.,0.));
#813 = DEFINITIONAL_REPRESENTATION('',(#814),#818);
#814 = LINE('',#815,#816);
#815 = CARTESIAN_POINT('',(0.,0.));
#816 = VECTOR('',#817,1.);
#817 = DIRECTION('',(1.,0.));
#818 = ( GEOMETRIC_REPRESENTATION_CONTEXT(2) 
PARAMETRIC_REPRESENTATION_CONTEXT() REPRESENTATION_CONTEXT('2D SPACE',''
  ) );
#819 = ORIENTED_EDGE('',*,*,#770,.F.);
#820 = ADVANCED_FACE('',(#821),#808,.T.);
#821 = FACE_BOUND('',#822,.T.);
#822 = EDGE_LOOP('',(#823,#824,#847,#874));
#823 = ORIENTED_EDGE('',*,*,#793,.T.);
#824 = ORIENTED_EDGE('',*,*,#825,.T.);
#825 = EDGE_CURVE('',#771,#826,#828,.T.);
#826 = VERTEX_POINT('',#827);
#827 = CARTESIAN_POINT('',(0.258174742699,0.588579128539,0.));
#828 = SEAM_CURVE('',#829,(#833,#840),.PCURVE_S1.);
#829 = LINE('',#830,#831);
#830 = CARTESIAN_POINT('',(0.226573989465,0.557837440875,0.));
#831 = VECTOR('',#832,1.);
#832 = DIRECTION('',(0.716782513168,0.697296801094,0.));
#833 = PCURVE('',#808,#834);
#834 = DEFINITIONAL_REPRESENTATION('',(#835),#839);
#835 = LINE('',#836,#837);
#836 = CARTESIAN_POINT('',(0.,0.));
#837 = VECTOR('',#838,1.);
#838 = DIRECTION('',(0.,1.));
#839 = ( GEOMETRIC_REPRESENTATION_CONTEXT(2) 
PARAMETRIC_REPRESENTATION_CONTEXT() REPRESENTATION_CONTEXT('2D SPACE',''
  ) );
#840 = PCURVE('',#808,#841);
#841 = DEFINITIONAL_REPRESENTATION('',(#842),#846);
#842 = LINE('',#843,#844);
#843 = CARTESIAN_POINT('',(6.28318530718,0.));
#844 = VECTOR('',#845,1.);
#845 = DIRECTION('',(0.,1.));
#846 = ( GEOMETRIC_REPRESENTATION_CONTEXT(2) 
PARAMETRIC_REPRESENTATION_CONTEXT() REPRESENTATION_CONTEXT('2D SPACE',''
  ) );
#847 = ORIENTED_EDGE('',*,*,#848,.F.);
#848 = EDGE_CURVE('',#826,#826,#849,.T.);
#849 = SURFACE_CURVE('',#850,(#855,#862),.PCURVE_S1.);
#850 = CIRCLE('',#851,0.588579128539);
#851 = AXIS2_PLACEMENT_3D('',#852,#853,#854);
#852 = CARTESIAN_POINT('',(0.258174742699,0.,0.));
#853 = DIRECTION('',(1.,0.,0.));
#854 = DIRECTION('',(-0.,1.,0.));
#855 = PCURVE('',#808,#856);
#856 = DEFINITIONAL_REPRESENTATION('',(#857),#861);
#857 = LINE('',#858,#859);
#858 = CARTESIAN_POINT('',(0.,3.160075323417E-02));
#859 = VECTOR('',#860,1.);
#860 = DIRECTION('',(1.,0.));
#861 = ( GEOMETRIC_REPRESENTATION_CONTEXT(2) 
PARAMETRIC_REPRESENTATION_CONTEXT() REPRESENTATION_CONTEXT('2D SPACE',''
  ) );
#862 = PCURVE('',#863,#868);
#863 = CONICAL_SURFACE('',#864,0.588579128539,0.716503587661);
#864 = AXIS2_PLACEMENT_3D('',#865,#866,#867);
#865 = CARTESIAN_POINT('',(0.258174742699,0.,0.));
#866 = DIRECTION('',(1.,0.,0.));
#867 = DIRECTION('',(-0.,1.,0.));
#868 = DEFINITIONAL_REPRESENTATION('',(#869),#873);
#869 = LINE('',#870,#871);
#870 = CARTESIAN_POINT('',(0.,0.));
#871 = VECTOR('',#872,1.);
#872 = DIRECTION('',(1.,0.));
#873 = ( GEOMETRIC_REPRESENTATION_CONTEXT(2) 
PARAMETRIC_REPRESENTATION_CONTEXT() REPRESENTATION_CONTEXT('2D SPACE',''
  ) );
#874 = ORIENTED_EDGE('',*,*,#825,.F.);
#875 = ADVANCED_FACE('',(#876),#863,.T.);
#876 = FACE_BOUND('',#877,.T.);
#877 = EDGE_LOOP('',(#878,#879,#902,#929));
#878 = ORIENTED_EDGE('',*,*,#848,.T.);
#879 = ORIENTED_EDGE('',*,*,#880,.T.);
#880 = EDGE_CURVE('',#826,#881,#883,.T.);
#881 = VERTEX_POINT('',#882);
#882 = CARTESIAN_POINT('',(0.291421001432,0.617533320733,0.));
#883 = SEAM_CURVE('',#884,(#888,#895),.PCURVE_S1.);
#884 = LINE('',#885,#886);
#885 = CARTESIAN_POINT('',(0.258174742699,0.588579128539,0.));
#886 = VECTOR('',#887,1.);
#887 = DIRECTION('',(0.754106609777,0.656752024048,0.));
#888 = PCURVE('',#863,#889);
#889 = DEFINITIONAL_REPRESENTATION('',(#890),#894);
#890 = LINE('',#891,#892);
#891 = CARTESIAN_POINT('',(0.,0.));
#892 = VECTOR('',#893,1.);
#893 = DIRECTION('',(0.,1.));
#894 = ( GEOMETRIC_REPRESENTATION_CONTEXT(2) 
PARAMETRIC_REPRESENTATION_CONTEXT() REPRESENTATION_CONTEXT('2D SPACE',''
  ) );
#895 = PCURVE('',#863,#896);
#896 = DEFINITIONAL_REPRESENTATION('',(#897),#901);
#897 = LINE('',#898,#899);
#898 = CARTESIAN_POINT('',(6.28318530718,0.));
#899 = VECTOR('',#900,1.);
#900 = DIRECTION('',(0.,1.));
#901 = ( GEOMETRIC_REPRESENTATION_CONTEXT(2) 
PARAMETRIC_REPRESENTATION_CONTEXT() REPRESENTATION_CONTEXT('2D SPACE',''
  ) );
#902 = ORIENTED_EDGE('',*,*,#903,.F.);
#903 = EDGE_CURVE('',#881,#881,#904,.T.);
#904 = SURFACE_CURVE('',#905,(#910,#917),.PCURVE_S1.);
#905 = CIRCLE('',#906,0.617533320733);
#906 = AXIS2_PLACEMENT_3D('',#907,#908,#909);
#907 = CARTESIAN_POINT('',(0.291421001432,0.,0.));
#908 = DIRECTION('',(1.,0.,0.));
#909 = DIRECTION('',(-0.,1.,0.));
#910 = PCURVE('',#863,#911);
#911 = DEFINITIONAL_REPRESENTATION('',(#912),#916);
#912 = LINE('',#913,#914);
#913 = CARTESIAN_POINT('',(0.,3.324625873262E-02));
#914 = VECTOR('',#915,1.);
#915 = DIRECTION('',(1.,0.));
#916 = ( GEOMETRIC_REPRESENTATION_CONTEXT(2) 
PARAMETRIC_REPRESENTATION_CONTEXT() REPRESENTATION_CONTEXT('2D SPACE',''
  ) );
#917 = PCURVE('',#918,#923);
#918 = CONICAL_SURFACE('',#919,0.617533320733,0.661387927072);
#919 = AXIS2_PLACEMENT_3D('',#920,#921,#922);
#920 = CARTESIAN_POINT('',(0.291421001432,0.,0.));
#921 = DIRECTION('',(1.,0.,0.));
#922 = DIRECTION('',(-0.,1.,0.));
#923 = DEFINITIONAL_REPRESENTATION('',(#924),#928);
#924 = LINE('',#925,#926);
#925 = CARTESIAN_POINT('',(0.,0.));
#926 = VECTOR('',#927,1.);
#927 = DIRECTION('',(1.,0.));
#928 = ( GEOMETRIC_REPRESENTATION_CONTEXT(2) 
PARAMETRIC_REPRESENTATION_CONTEXT() REPRESENTATION_CONTEXT('2D SPACE',''
  ) );
#929 = ORIENTED_EDGE('',*,*,#880,.F.);
#930 = ADVANCED_FACE('',(#931),#918,.T.);
#931 = FACE_BOUND('',#932,.T.);
#932 = EDGE_LOOP('',(#933,#934,#957,#984));
#933 = ORIENTED_EDGE('',*,*,#903,.T.);
#934 = ORIENTED_EDGE('',*,*,#935,.T.);
#935 = EDGE_CURVE('',#881,#936,#938,.T.);
#936 = VERTEX_POINT('',#937);
#937 = CARTESIAN_POINT('',(0.326211797868,0.644612084529,0.));
#938 = SEAM_CURVE('',#939,(#943,#950),.PCURVE_S1.);
#939 = LINE('',#940,#941);
#940 = CARTESIAN_POINT('',(0.291421001432,0.617533320733,0.));
#941 = VECTOR('',#942,1.);
#942 = DIRECTION('',(0.789140509396,0.61421271269,0.));
#943 = PCURVE('',#918,#944);
#944 = DEFINITIONAL_REPRESENTATION('',(#945),#949);
#945 = LINE('',#946,#947);
#946 = CARTESIAN_POINT('',(0.,0.));
#947 = VECTOR('',#948,1.);
#948 = DIRECTION('',(0.,1.));
#949 = ( GEOMETRIC_REPRESENTATION_CONTEXT(2) 
PARAMETRIC_REPRESENTATION_CONTEXT() REPRESENTATION_CONTEXT('2D SPACE',''
  ) );
#950 = PCURVE('',#918,#951);
#951 = DEFINITIONAL_REPRESENTATION('',(#952),#956);
#952 = LINE('',#953,#954);
#953 = CARTESIAN_POINT('',(6.28318530718,0.));
#954 = VECTOR('',#955,1.);
#955 = DIRECTION('',(0.,1.));
#956 = ( GEOMETRIC_REPRESENTATION_CONTEXT(2) 
PARAMETRIC_REPRESENTATION_CONTEXT() REPRESENTATION_CONTEXT('2D SPACE',''
  ) );
#957 = ORIENTED_EDGE('',*,*,#958,.F.);
#958 = EDGE_CURVE('',#936,#936,#959,.T.);
#959 = SURFACE_CURVE('',#960,(#965,#972),.PCURVE_S1.);
#960 = CIRCLE('',#961,0.644612084529);
#961 = AXIS2_PLACEMENT_3D('',#962,#963,#964);
#962 = CARTESIAN_POINT('',(0.326211797868,0.,0.));
#963 = DIRECTION('',(1.,0.,0.));
#964 = DIRECTION('',(-0.,1.,0.));
#965 = PCURVE('',#918,#966);
#966 = DEFINITIONAL_REPRESENTATION('',(#967),#971);
#967 = LINE('',#968,#969);
#968 = CARTESIAN_POINT('',(0.,3.479079643599E-02));
#969 = VECTOR('',#970,1.);
#970 = DIRECTION('',(1.,0.));
#971 = ( GEOMETRIC_REPRESENTATION_CONTEXT(2) 
PARAMETRIC_REPRESENTATION_CONTEXT() REPRESENTATION_CONTEXT('2D SPACE',''
  ) );
#972 = PCURVE('',#973,#978);
#973 = CONICAL_SURFACE('',#974,0.644612084529,0.606272266482);
#974 = AXIS2_PLACEMENT_3D('',#975,#976,#977);
#975 = CARTESIAN_POINT('',(0.326211797868,0.,0.));
#976 = DIRECTION('',(1.,0.,0.));
#977 = DIRECTION('',(-0.,1.,0.));
#978 = DEFINITIONAL_REPRESENTATION('',(#979),#983);
#979 = LINE('',#980,#981);
#980 = CARTESIAN_POINT('',(0.,0.));
#981 = VECTOR('',#982,1.);
#982 = DIRECTION('',(1.,0.));
#983 = ( GEOMETRIC_REPRESENTATION_CONTEXT(2) 
PARAMETRIC_REPRESENTATION_CONTEXT() REPRESENTATION_CONTEXT('2D SPACE',''
  ) );
#984 = ORIENTED_EDGE('',*,*,#935,.F.);
#985 = ADVANCED_FACE('',(#986),#973,.T.);
#986 = FACE_BOUND('',#987,.T.);
#987 = EDGE_LOOP('',(#988,#989,#1012,#1039));
#988 = ORIENTED_EDGE('',*,*,#958,.T.);
#989 = ORIENTED_EDGE('',*,*,#990,.T.);
#990 = EDGE_CURVE('',#936,#991,#993,.T.);
#991 = VERTEX_POINT('',#992);
#992 = CARTESIAN_POINT('',(0.362441473502,0.66973318261,0.));
#993 = SEAM_CURVE('',#994,(#998,#1005),.PCURVE_S1.);
#994 = LINE('',#995,#996);
#995 = CARTESIAN_POINT('',(0.326211797868,0.644612084529,0.));
#996 = VECTOR('',#997,1.);
#997 = DIRECTION('',(0.821777815225,0.56980805751,0.));
#998 = PCURVE('',#973,#999);
#999 = DEFINITIONAL_REPRESENTATION('',(#1000),#1004);
#1000 = LINE('',#1001,#1002);
#1001 = CARTESIAN_POINT('',(0.,0.));
#1002 = VECTOR('',#1003,1.);
#1003 = DIRECTION('',(0.,1.));
#1004 = ( GEOMETRIC_REPRESENTATION_CONTEXT(2) 
PARAMETRIC_REPRESENTATION_CONTEXT() REPRESENTATION_CONTEXT('2D SPACE',''
  ) );
#1005 = PCURVE('',#973,#1006);
#1006 = DEFINITIONAL_REPRESENTATION('',(#1007),#1011);
#1007 = LINE('',#1008,#1009);
#1008 = CARTESIAN_POINT('',(6.28318530718,0.));
#1009 = VECTOR('',#1010,1.);
#1010 = DIRECTION('',(0.,1.));
#1011 = ( GEOMETRIC_REPRESENTATION_CONTEXT(2) 
PARAMETRIC_REPRESENTATION_CONTEXT() REPRESENTATION_CONTEXT('2D SPACE',''
  ) );
#1012 = ORIENTED_EDGE('',*,*,#1013,.F.);
#1013 = EDGE_CURVE('',#991,#991,#1014,.T.);
#1014 = SURFACE_CURVE('',#1015,(#1020,#1027),.PCURVE_S1.);
#1015 = CIRCLE('',#1016,0.66973318261);
#1016 = AXIS2_PLACEMENT_3D('',#1017,#1018,#1019);
#1017 = CARTESIAN_POINT('',(0.362441473502,0.,0.));
#1018 = DIRECTION('',(1.,0.,0.));
#1019 = DIRECTION('',(-0.,1.,0.));
#1020 = PCURVE('',#973,#1021);
#1021 = DEFINITIONAL_REPRESENTATION('',(#1022),#1026);
#1022 = LINE('',#1023,#1024);
#1023 = CARTESIAN_POINT('',(0.,3.622967563404E-02));
#1024 = VECTOR('',#1025,1.);
#1025 = DIRECTION('',(1.,0.));
#1026 = ( GEOMETRIC_REPRESENTATION_CONTEXT(2) 
PARAMETRIC_REPRESENTATION_CONTEXT() REPRESENTATION_CONTEXT('2D SPACE',''
  ) );
#1027 = PCURVE('',#1028,#1033);
#1028 = CONICAL_SURFACE('',#1029,0.66973318261,0.551156605893);
#1029 = AXIS2_PLACEMENT_3D('',#1030,#1031,#1032);
#1030 = CARTESIAN_POINT('',(0.362441473502,0.,0.));
#1031 = DIRECTION('',(1.,0.,0.));
#1032 = DIRECTION('',(-0.,1.,0.));
#1033 = DEFINITIONAL_REPRESENTATION('',(#1034),#1038);
#1034 = LINE('',#1035,#1036);
#1035 = CARTESIAN_POINT('',(0.,0.));
#1036 = VECTOR('',#1037,1.);
#1037 = DIRECTION('',(1.,0.));
#1038 = ( GEOMETRIC_REPRESENTATION_CONTEXT(2) 
PARAMETRIC_REPRESENTATION_CONTEXT() REPRESENTATION_CONTEXT('2D SPACE',''
  ) );
#1039 = ORIENTED_EDGE('',*,*,#990,.F.);
#1040 = ADVANCED_FACE('',(#1041),#1028,.T.);
#1041 = FACE_BOUND('',#1042,.T.);
#1042 = EDGE_LOOP('',(#1043,#1044,#1067,#1094));
#1043 = ORIENTED_EDGE('',*,*,#1013,.T.);
#1044 = ORIENTED_EDGE('',*,*,#1045,.T.);
#1045 = EDGE_CURVE('',#991,#1046,#1048,.T.);
#1046 = VERTEX_POINT('',#1047);
#1047 = CARTESIAN_POINT('',(0.4,0.692820323028,0.));
#1048 = SEAM_CURVE('',#1049,(#1053,#1060),.PCURVE_S1.);
#1049 = LINE('',#1050,#1051);
#1050 = CARTESIAN_POINT('',(0.362441473502,0.66973318261,0.));
#1051 = VECTOR('',#1052,1.);
#1052 = DIRECTION('',(0.851919408838,0.523672913988,0.));
#1053 = PCURVE('',#1028,#1054);
#1054 = DEFINITIONAL_REPRESENTATION('',(#1055),#1059);
#1055 = LINE('',#1056,#1057);
#1056 = CARTESIAN_POINT('',(0.,0.));
#1057 = VECTOR('',#1058,1.);
#1058 = DIRECTION('',(0.,1.));
#1059 = ( GEOMETRIC_REPRESENTATION_CONTEXT(2) 
PARAMETRIC_REPRESENTATION_CONTEXT() REPRESENTATION_CONTEXT('2D SPACE',''
  ) );
#1060 = PCURVE('',#1028,#1061);
#1061 = DEFINITIONAL_REPRESENTATION('',(#1062),#1066);
#1062 = LINE('',#1063,#1064);
#1063 = CARTESIAN_POINT('',(6.28318530718,0.));
#1064 = VECTOR('',#1065,1.);
#1065 = DIRECTION('',(0.,1.));
#1066 = ( GEOMETRIC_REPRESENTATION_CONTEXT(2) 
PARAMETRIC_REPRESENTATION_CONTEXT() REPRESENTATION_CONTEXT('2D SPACE',''
  ) );
#1067 = ORIENTED_EDGE('',*,*,#1068,.F.);
#1068 = EDGE_CURVE('',#1046,#1046,#1069,.T.);
#1069 = SURFACE_CURVE('',#1070,(#1075,#1082),.PCURVE_S1.);
#1070 = CIRCLE('',#1071,0.692820323028);
#1071 = AXIS2_PLACEMENT_3D('',#1072,#1073,#1074);
#1072 = CARTESIAN_POINT('',(0.4,0.,0.));
#1073 = DIRECTION('',(1.,0.,0.));
#1074 = DIRECTION('',(-0.,1.,0.));
#1075 = PCURVE('',#1028,#1076);
#1076 = DEFINITIONAL_REPRESENTATION('',(#1077),#1081);
#1077 = LINE('',#1078,#1079);
#1078 = CARTESIAN_POINT('',(0.,3.755852649794E-02));
#1079 = VECTOR('',#1080,1.);
#1080 = DIRECTION('',(1.,0.));
#1081 = ( GEOMETRIC_REPRESENTATION_CONTEXT(2) 
PARAMETRIC_REPRESENTATION_CONTEXT() REPRESENTATION_CONTEXT('2D SPACE',''
  ) );
#1082 = PCURVE('',#1083,#1088);
#1083 = CONICAL_SURFACE('',#1084,0.692820323028,1.047197551197);
#1084 = AXIS2_PLACEMENT_3D('',#1085,#1086,#1087);
#1085 = CARTESIAN_POINT('',(0.4,0.,0.));
#1086 = DIRECTION('',(1.,0.,0.));
#1087 = DIRECTION('',(-0.,1.,0.));
#1088 = DEFINITIONAL_REPRESENTATION('',(#1089),#1093);
#1089 = LINE('',#1090,#1091);
#1090 = CARTESIAN_POINT('',(0.,0.));
#1091 = VECTOR('',#1092,1.);
#1092 = DIRECTION('',(1.,0.));
#1093 = ( GEOMETRIC_REPRESENTATION_CONTEXT(2) 
PARAMETRIC_REPRESENTATION_CONTEXT() REPRESENTATION_CONTEXT('2D SPACE',''
  ) );
#1094 = ORIENTED_EDGE('',*,*,#1045,.F.);
#1095 = ADVANCED_FACE('',(#1096),#1083,.T.);
#1096 = FACE_BOUND('',#1097,.T.);
#1097 = EDGE_LOOP('',(#1098,#1099,#1122,#1149));
#1098 = ORIENTED_EDGE('',*,*,#1068,.T.);
#1099 = ORIENTED_EDGE('',*,*,#1100,.T.);
#1100 = EDGE_CURVE('',#1046,#1101,#1103,.T.);
#1101 = VERTEX_POINT('',#1102);
#1102 = CARTESIAN_POINT('',(607.9,1.052913685921E+03,0.));
#1103 = SEAM_CURVE('',#1104,(#1108,#1115),.PCURVE_S1.);
#1104 = LINE('',#1105,#1106);
#1105 = CARTESIAN_POINT('',(0.4,0.692820323028,0.));
#1106 = VECTOR('',#1107,1.);
#1107 = DIRECTION('',(0.5,0.866025403784,0.));
#1108 = PCURVE('',#1083,#1109);
#1109 = DEFINITIONAL_REPRESENTATION('',(#1110),#1114);
#1110 = LINE('',#1111,#1112);
#1111 = CARTESIAN_POINT('',(6.28318530718,0.));
#1112 = VECTOR('',#1113,1.);
#1113 = DIRECTION('',(0.,1.));
#1114 = ( GEOMETRIC_REPRESENTATION_CONTEXT(2) 
PARAMETRIC_REPRESENTATION_CONTEXT() REPRESENTATION_CONTEXT('2D SPACE',''
  ) );
#1115 = PCURVE('',#1083,#1116);
#1116 = DEFINITIONAL_REPRESENTATION('',(#1117),#1121);
#1117 = LINE('',#1118,#1119);
#1118 = CARTESIAN_POINT('',(0.,0.));
#1119 = VECTOR('',#1120,1.);
#1120 = DIRECTION('',(0.,1.));
#1121 = ( GEOMETRIC_REPRESENTATION_CONTEXT(2) 
PARAMETRIC_REPRESENTATION_CONTEXT() REPRESENTATION_CONTEXT('2D SPACE',''
  ) );
#1122 = ORIENTED_EDGE('',*,*,#1123,.F.);
#1123 = EDGE_CURVE('',#1101,#1101,#1124,.T.);
#1124 = SURFACE_CURVE('',#1125,(#1130,#1137),.PCURVE_S1.);
#1125 = CIRCLE('',#1126,1.052913685921E+03);
#1126 = AXIS2_PLACEMENT_3D('',#1127,#1128,#1129);
#1127 = CARTESIAN_POINT('',(607.9,0.,0.));
#1128 = DIRECTION('',(1.,0.,0.));
#1129 = DIRECTION('',(-0.,1.,0.));
#1130 = PCURVE('',#1083,#1131);
#1131 = DEFINITIONAL_REPRESENTATION('',(#1132),#1136);
#1132 = LINE('',#1133,#1134);
#1133 = CARTESIAN_POINT('',(0.,319.73684210526));
#1134 = VECTOR('',#1135,1.);
#1135 = DIRECTION('',(1.,0.));
#1136 = ( GEOMETRIC_REPRESENTATION_CONTEXT(2) 
PARAMETRIC_REPRESENTATION_CONTEXT() REPRESENTATION_CONTEXT('2D SPACE',''
  ) );
#1137 = PCURVE('',#1138,#1143);
#1138 = CONICAL_SURFACE('',#1139,1.052913685921E+03,0.730282502808);
#1139 = AXIS2_PLACEMENT_3D('',#1140,#1141,#1142);
#1140 = CARTESIAN_POINT('',(607.9,0.,0.));
#1141 = DIRECTION('',(1.,0.,0.));
#1142 = DIRECTION('',(-0.,1.,0.));
#1143 = DEFINITIONAL_REPRESENTATION('',(#1144),#1148);
#1144 = LINE('',#1145,#1146);
#1145 = CARTESIAN_POINT('',(0.,0.));
#1146 = VECTOR('',#1147,1.);
#1147 = DIRECTION('',(1.,0.));
#1148 = ( GEOMETRIC_REPRESENTATION_CONTEXT(2) 
PARAMETRIC_REPRESENTATION_CONTEXT() REPRESENTATION_CONTEXT('2D SPACE',''
  ) );
#1149 = ORIENTED_EDGE('',*,*,#1100,.F.);
#1150 = ADVANCED_FACE('',(#1151),#1138,.T.);
#1151 = FACE_BOUND('',#1152,.T.);
#1152 = EDGE_LOOP('',(#1153,#1154,#1177,#1204));
#1153 = ORIENTED_EDGE('',*,*,#1123,.T.);
#1154 = ORIENTED_EDGE('',*,*,#1155,.T.);
#1155 = EDGE_CURVE('',#1101,#1156,#1158,.T.);
#1156 = VERTEX_POINT('',#1157);
#1157 = CARTESIAN_POINT('',(670.58454718274,1.10904308502E+03,0.));
#1158 = SEAM_CURVE('',#1159,(#1163,#1170),.PCURVE_S1.);
#1159 = LINE('',#1160,#1161);
#1160 = CARTESIAN_POINT('',(607.9,1.052913685921E+03,0.));
#1161 = VECTOR('',#1162,1.);
#1162 = DIRECTION('',(0.744985980067,0.667080122251,0.));
#1163 = PCURVE('',#1138,#1164);
#1164 = DEFINITIONAL_REPRESENTATION('',(#1165),#1169);
#1165 = LINE('',#1166,#1167);
#1166 = CARTESIAN_POINT('',(0.,0.));
#1167 = VECTOR('',#1168,1.);
#1168 = DIRECTION('',(0.,1.));
#1169 = ( GEOMETRIC_REPRESENTATION_CONTEXT(2) 
PARAMETRIC_REPRESENTATION_CONTEXT() REPRESENTATION_CONTEXT('2D SPACE',''
  ) );
#1170 = PCURVE('',#1138,#1171);
#1171 = DEFINITIONAL_REPRESENTATION('',(#1172),#1176);
#1172 = LINE('',#1173,#1174);
#1173 = CARTESIAN_POINT('',(6.28318530718,0.));
#1174 = VECTOR('',#1175,1.);
#1175 = DIRECTION('',(0.,1.));
#1176 = ( GEOMETRIC_REPRESENTATION_CONTEXT(2) 
PARAMETRIC_REPRESENTATION_CONTEXT() REPRESENTATION_CONTEXT('2D SPACE',''
  ) );
#1177 = ORIENTED_EDGE('',*,*,#1178,.F.);
#1178 = EDGE_CURVE('',#1156,#1156,#1179,.T.);
#1179 = SURFACE_CURVE('',#1180,(#1185,#1192),.PCURVE_S1.);
#1180 = CIRCLE('',#1181,1.10904308502E+03);
#1181 = AXIS2_PLACEMENT_3D('',#1182,#1183,#1184);
#1182 = CARTESIAN_POINT('',(670.58454718274,0.,0.));
#1183 = DIRECTION('',(1.,0.,0.));
#1184 = DIRECTION('',(-0.,1.,0.));
#1185 = PCURVE('',#1138,#1186);
#1186 = DEFINITIONAL_REPRESENTATION('',(#1187),#1191);
#1187 = LINE('',#1188,#1189);
#1188 = CARTESIAN_POINT('',(0.,62.684547182748));
#1189 = VECTOR('',#1190,1.);
#1190 = DIRECTION('',(1.,0.));
#1191 = ( GEOMETRIC_REPRESENTATION_CONTEXT(2) 
PARAMETRIC_REPRESENTATION_CONTEXT() REPRESENTATION_CONTEXT('2D SPACE',''
  ) );
#1192 = PCURVE('',#1193,#1198);
#1193 = CONICAL_SURFACE('',#1194,1.10904308502E+03,0.35825179383);
#1194 = AXIS2_PLACEMENT_3D('',#1195,#1196,#1197);
#1195 = CARTESIAN_POINT('',(670.58454718274,0.,0.));
#1196 = DIRECTION('',(1.,0.,0.));
#1197 = DIRECTION('',(-0.,1.,0.));
#1198 = DEFINITIONAL_REPRESENTATION('',(#1199),#1203);
#1199 = LINE('',#1200,#1201);
#1200 = CARTESIAN_POINT('',(0.,0.));
#1201 = VECTOR('',#1202,1.);
#1202 = DIRECTION('',(1.,0.));
#1203 = ( GEOMETRIC_REPRESENTATION_CONTEXT(2) 
PARAMETRIC_REPRESENTATION_CONTEXT() REPRESENTATION_CONTEXT('2D SPACE',''
  ) );
#1204 = ORIENTED_EDGE('',*,*,#1155,.F.);
#1205 = ADVANCED_FACE('',(#1206),#1193,.T.);
#1206 = FACE_BOUND('',#1207,.T.);
#1207 = EDGE_LOOP('',(#1208,#1209,#1232,#1259));
#1208 = ORIENTED_EDGE('',*,*,#1178,.T.);
#1209 = ORIENTED_EDGE('',*,*,#1210,.T.);
#1210 = EDGE_CURVE('',#1156,#1211,#1213,.T.);
#1211 = VERTEX_POINT('',#1212);
#1212 = CARTESIAN_POINT('',(684.51393002567,1.114258361175E+03,0.));
#1213 = SEAM_CURVE('',#1214,(#1218,#1225),.PCURVE_S1.);
#1214 = LINE('',#1215,#1216);
#1215 = CARTESIAN_POINT('',(670.58454718274,1.10904308502E+03,0.));
#1216 = VECTOR('',#1217,1.);
#1217 = DIRECTION('',(0.936511241197,0.350637555193,0.));
#1218 = PCURVE('',#1193,#1219);
#1219 = DEFINITIONAL_REPRESENTATION('',(#1220),#1224);
#1220 = LINE('',#1221,#1222);
#1221 = CARTESIAN_POINT('',(0.,0.));
#1222 = VECTOR('',#1223,1.);
#1223 = DIRECTION('',(0.,1.));
#1224 = ( GEOMETRIC_REPRESENTATION_CONTEXT(2) 
PARAMETRIC_REPRESENTATION_CONTEXT() REPRESENTATION_CONTEXT('2D SPACE',''
  ) );
#1225 = PCURVE('',#1193,#1226);
#1226 = DEFINITIONAL_REPRESENTATION('',(#1227),#1231);
#1227 = LINE('',#1228,#1229);
#1228 = CARTESIAN_POINT('',(6.28318530718,0.));
#1229 = VECTOR('',#1230,1.);
#1230 = DIRECTION('',(0.,1.));
#1231 = ( GEOMETRIC_REPRESENTATION_CONTEXT(2) 
PARAMETRIC_REPRESENTATION_CONTEXT() REPRESENTATION_CONTEXT('2D SPACE',''
  ) );
#1232 = ORIENTED_EDGE('',*,*,#1233,.F.);
#1233 = EDGE_CURVE('',#1211,#1211,#1234,.T.);
#1234 = SURFACE_CURVE('',#1235,(#1240,#1247),.PCURVE_S1.);
#1235 = CIRCLE('',#1236,1.114258361175E+03);
#1236 = AXIS2_PLACEMENT_3D('',#1237,#1238,#1239);
#1237 = CARTESIAN_POINT('',(684.51393002567,0.,0.));
#1238 = DIRECTION('',(1.,0.,0.));
#1239 = DIRECTION('',(-0.,1.,0.));
#1240 = PCURVE('',#1193,#1241);
#1241 = DEFINITIONAL_REPRESENTATION('',(#1242),#1246);
#1242 = LINE('',#1243,#1244);
#1243 = CARTESIAN_POINT('',(0.,13.929382842922));
#1244 = VECTOR('',#1245,1.);
#1245 = DIRECTION('',(1.,0.));
#1246 = ( GEOMETRIC_REPRESENTATION_CONTEXT(2) 
PARAMETRIC_REPRESENTATION_CONTEXT() REPRESENTATION_CONTEXT('2D SPACE',''
  ) );
#1247 = PCURVE('',#1248,#1253);
#1248 = CONICAL_SURFACE('',#1249,1.114258361175E+03,0.248020472652);
#1249 = AXIS2_PLACEMENT_3D('',#1250,#1251,#1252);
#1250 = CARTESIAN_POINT('',(684.51393002567,0.,0.));
#1251 = DIRECTION('',(1.,0.,0.));
#1252 = DIRECTION('',(-0.,1.,0.));
#1253 = DEFINITIONAL_REPRESENTATION('',(#1254),#1258);
#1254 = LINE('',#1255,#1256);
#1255 = CARTESIAN_POINT('',(0.,0.));
#1256 = VECTOR('',#1257,1.);
#1257 = DIRECTION('',(1.,0.));
#1258 = ( GEOMETRIC_REPRESENTATION_CONTEXT(2) 
PARAMETRIC_REPRESENTATION_CONTEXT() REPRESENTATION_CONTEXT('2D SPACE',''
  ) );
#1259 = ORIENTED_EDGE('',*,*,#1210,.F.);
#1260 = ADVANCED_FACE('',(#1261),#1248,.T.);
#1261 = FACE_BOUND('',#1262,.T.);
#1262 = EDGE_LOOP('',(#1263,#1264,#1287,#1314));
#1263 = ORIENTED_EDGE('',*,*,#1233,.T.);
#1264 = ORIENTED_EDGE('',*,*,#1265,.T.);
#1265 = EDGE_CURVE('',#1211,#1266,#1268,.T.);
#1266 = VERTEX_POINT('',#1267);
#1267 = CARTESIAN_POINT('',(698.93249420119,1.11790963751E+03,0.));
#1268 = SEAM_CURVE('',#1269,(#1273,#1280),.PCURVE_S1.);
#1269 = LINE('',#1270,#1271);
#1270 = CARTESIAN_POINT('',(684.51393002567,1.114258361175E+03,0.));
#1271 = VECTOR('',#1272,1.);
#1272 = DIRECTION('',(0.969400265939,0.245485487141,0.));
#1273 = PCURVE('',#1248,#1274);
#1274 = DEFINITIONAL_REPRESENTATION('',(#1275),#1279);
#1275 = LINE('',#1276,#1277);
#1276 = CARTESIAN_POINT('',(0.,0.));
#1277 = VECTOR('',#1278,1.);
#1278 = DIRECTION('',(0.,1.));
#1279 = ( GEOMETRIC_REPRESENTATION_CONTEXT(2) 
PARAMETRIC_REPRESENTATION_CONTEXT() REPRESENTATION_CONTEXT('2D SPACE',''
  ) );
#1280 = PCURVE('',#1248,#1281);
#1281 = DEFINITIONAL_REPRESENTATION('',(#1282),#1286);
#1282 = LINE('',#1283,#1284);
#1283 = CARTESIAN_POINT('',(6.28318530718,0.));
#1284 = VECTOR('',#1285,1.);
#1285 = DIRECTION('',(0.,1.));
#1286 = ( GEOMETRIC_REPRESENTATION_CONTEXT(2) 
PARAMETRIC_REPRESENTATION_CONTEXT() REPRESENTATION_CONTEXT('2D SPACE',''
  ) );
#1287 = ORIENTED_EDGE('',*,*,#1288,.F.);
#1288 = EDGE_CURVE('',#1266,#1266,#1289,.T.);
#1289 = SURFACE_CURVE('',#1290,(#1295,#1302),.PCURVE_S1.);
#1290 = CIRCLE('',#1291,1.11790963751E+03);
#1291 = AXIS2_PLACEMENT_3D('',#1292,#1293,#1294);
#1292 = CARTESIAN_POINT('',(698.93249420119,0.,0.));
#1293 = DIRECTION('',(1.,0.,0.));
#1294 = DIRECTION('',(-0.,1.,0.));
#1295 = PCURVE('',#1248,#1296);
#1296 = DEFINITIONAL_REPRESENTATION('',(#1297),#1301);
#1297 = LINE('',#1298,#1299);
#1298 = CARTESIAN_POINT('',(0.,14.418564175524));
#1299 = VECTOR('',#1300,1.);
#1300 = DIRECTION('',(1.,0.));
#1301 = ( GEOMETRIC_REPRESENTATION_CONTEXT(2) 
PARAMETRIC_REPRESENTATION_CONTEXT() REPRESENTATION_CONTEXT('2D SPACE',''
  ) );
#1302 = PCURVE('',#1303,#1308);
#1303 = CONICAL_SURFACE('',#1304,1.11790963751E+03,0.137789151473);
#1304 = AXIS2_PLACEMENT_3D('',#1305,#1306,#1307);
#1305 = CARTESIAN_POINT('',(698.93249420119,0.,0.));
#1306 = DIRECTION('',(1.,0.,0.));
#1307 = DIRECTION('',(-0.,1.,0.));
#1308 = DEFINITIONAL_REPRESENTATION('',(#1309),#1313);
#1309 = LINE('',#1310,#1311);
#1310 = CARTESIAN_POINT('',(0.,0.));
#1311 = VECTOR('',#1312,1.);
#1312 = DIRECTION('',(1.,0.));
#1313 = ( GEOMETRIC_REPRESENTATION_CONTEXT(2) 
PARAMETRIC_REPRESENTATION_CONTEXT() REPRESENTATION_CONTEXT('2D SPACE',''
  ) );
#1314 = ORIENTED_EDGE('',*,*,#1265,.F.);
#1315 = ADVANCED_FACE('',(#1316),#1303,.T.);
#1316 = FACE_BOUND('',#1317,.T.);
#1317 = EDGE_LOOP('',(#1318,#1319,#1342,#1369));
#1318 = ORIENTED_EDGE('',*,*,#1288,.T.);
#1319 = ORIENTED_EDGE('',*,*,#1320,.T.);
#1320 = EDGE_CURVE('',#1266,#1321,#1323,.T.);
#1321 = VERTEX_POINT('',#1322);
#1322 = CARTESIAN_POINT('',(713.66521787213,1.119952592477E+03,0.));
#1323 = SEAM_CURVE('',#1324,(#1328,#1335),.PCURVE_S1.);
#1324 = LINE('',#1325,#1326);
#1325 = CARTESIAN_POINT('',(698.93249420119,1.11790963751E+03,0.));
#1326 = VECTOR('',#1327,1.);
#1327 = DIRECTION('',(0.990522084638,0.137353557818,0.));
#1328 = PCURVE('',#1303,#1329);
#1329 = DEFINITIONAL_REPRESENTATION('',(#1330),#1334);
#1330 = LINE('',#1331,#1332);
#1331 = CARTESIAN_POINT('',(0.,0.));
#1332 = VECTOR('',#1333,1.);
#1333 = DIRECTION('',(0.,1.));
#1334 = ( GEOMETRIC_REPRESENTATION_CONTEXT(2) 
PARAMETRIC_REPRESENTATION_CONTEXT() REPRESENTATION_CONTEXT('2D SPACE',''
  ) );
#1335 = PCURVE('',#1303,#1336);
#1336 = DEFINITIONAL_REPRESENTATION('',(#1337),#1341);
#1337 = LINE('',#1338,#1339);
#1338 = CARTESIAN_POINT('',(6.28318530718,0.));
#1339 = VECTOR('',#1340,1.);
#1340 = DIRECTION('',(0.,1.));
#1341 = ( GEOMETRIC_REPRESENTATION_CONTEXT(2) 
PARAMETRIC_REPRESENTATION_CONTEXT() REPRESENTATION_CONTEXT('2D SPACE',''
  ) );
#1342 = ORIENTED_EDGE('',*,*,#1343,.F.);
#1343 = EDGE_CURVE('',#1321,#1321,#1344,.T.);
#1344 = SURFACE_CURVE('',#1345,(#1350,#1357),.PCURVE_S1.);
#1345 = CIRCLE('',#1346,1.119952592477E+03);
#1346 = AXIS2_PLACEMENT_3D('',#1347,#1348,#1349);
#1347 = CARTESIAN_POINT('',(713.66521787213,0.,0.));
#1348 = DIRECTION('',(1.,0.,0.));
#1349 = DIRECTION('',(-0.,1.,0.));
#1350 = PCURVE('',#1303,#1351);
#1351 = DEFINITIONAL_REPRESENTATION('',(#1352),#1356);
#1352 = LINE('',#1353,#1354);
#1353 = CARTESIAN_POINT('',(0.,14.73272367094));
#1354 = VECTOR('',#1355,1.);
#1355 = DIRECTION('',(1.,0.));
#1356 = ( GEOMETRIC_REPRESENTATION_CONTEXT(2) 
PARAMETRIC_REPRESENTATION_CONTEXT() REPRESENTATION_CONTEXT('2D SPACE',''
  ) );
#1357 = PCURVE('',#1358,#1363);
#1358 = CONICAL_SURFACE('',#1359,1.119952592477E+03,2.755783029465E-02);
#1359 = AXIS2_PLACEMENT_3D('',#1360,#1361,#1362);
#1360 = CARTESIAN_POINT('',(713.66521787213,0.,0.));
#1361 = DIRECTION('',(1.,0.,0.));
#1362 = DIRECTION('',(-0.,1.,0.));
#1363 = DEFINITIONAL_REPRESENTATION('',(#1364),#1368);
#1364 = LINE('',#1365,#1366);
#1365 = CARTESIAN_POINT('',(0.,0.));
#1366 = VECTOR('',#1367,1.);
#1367 = DIRECTION('',(1.,0.));
#1368 = ( GEOMETRIC_REPRESENTATION_CONTEXT(2) 
PARAMETRIC_REPRESENTATION_CONTEXT() REPRESENTATION_CONTEXT('2D SPACE',''
  ) );
#1369 = ORIENTED_EDGE('',*,*,#1320,.F.);
#1370 = ADVANCED_FACE('',(#1371),#1358,.T.);
#1371 = FACE_BOUND('',#1372,.T.);
#1372 = EDGE_LOOP('',(#1373,#1374,#1397,#1424));
#1373 = ORIENTED_EDGE('',*,*,#1343,.T.);
#1374 = ORIENTED_EDGE('',*,*,#1375,.T.);
#1375 = EDGE_CURVE('',#1321,#1376,#1378,.T.);
#1376 = VERTEX_POINT('',#1377);
#1377 = CARTESIAN_POINT('',(728.5332657306,1.120362427369E+03,0.));
#1378 = SEAM_CURVE('',#1379,(#1383,#1390),.PCURVE_S1.);
#1379 = LINE('',#1380,#1381);
#1380 = CARTESIAN_POINT('',(713.66521787213,1.119952592477E+03,0.));
#1381 = VECTOR('',#1382,1.);
#1382 = DIRECTION('',(0.999620307025,2.755434236817E-02,0.));
#1383 = PCURVE('',#1358,#1384);
#1384 = DEFINITIONAL_REPRESENTATION('',(#1385),#1389);
#1385 = LINE('',#1386,#1387);
#1386 = CARTESIAN_POINT('',(0.,0.));
#1387 = VECTOR('',#1388,1.);
#1388 = DIRECTION('',(0.,1.));
#1389 = ( GEOMETRIC_REPRESENTATION_CONTEXT(2) 
PARAMETRIC_REPRESENTATION_CONTEXT() REPRESENTATION_CONTEXT('2D SPACE',''
  ) );
#1390 = PCURVE('',#1358,#1391);
#1391 = DEFINITIONAL_REPRESENTATION('',(#1392),#1396);
#1392 = LINE('',#1393,#1394);
#1393 = CARTESIAN_POINT('',(6.28318530718,0.));
#1394 = VECTOR('',#1395,1.);
#1395 = DIRECTION('',(0.,1.));
#1396 = ( GEOMETRIC_REPRESENTATION_CONTEXT(2) 
PARAMETRIC_REPRESENTATION_CONTEXT() REPRESENTATION_CONTEXT('2D SPACE',''
  ) );
#1397 = ORIENTED_EDGE('',*,*,#1398,.F.);
#1398 = EDGE_CURVE('',#1376,#1376,#1399,.T.);
#1399 = SURFACE_CURVE('',#1400,(#1405,#1412),.PCURVE_S1.);
#1400 = CIRCLE('',#1401,1.120362427369E+03);
#1401 = AXIS2_PLACEMENT_3D('',#1402,#1403,#1404);
#1402 = CARTESIAN_POINT('',(728.5332657306,0.,0.));
#1403 = DIRECTION('',(1.,0.,0.));
#1404 = DIRECTION('',(-0.,1.,0.));
#1405 = PCURVE('',#1358,#1406);
#1406 = DEFINITIONAL_REPRESENTATION('',(#1407),#1411);
#1407 = LINE('',#1408,#1409);
#1408 = CARTESIAN_POINT('',(0.,14.868047858467));
#1409 = VECTOR('',#1410,1.);
#1410 = DIRECTION('',(1.,0.));
#1411 = ( GEOMETRIC_REPRESENTATION_CONTEXT(2) 
PARAMETRIC_REPRESENTATION_CONTEXT() REPRESENTATION_CONTEXT('2D SPACE',''
  ) );
#1412 = PCURVE('',#1413,#1418);
#1413 = CONICAL_SURFACE('',#1414,1.120362427369E+03,8.267349088395E-02);
#1414 = AXIS2_PLACEMENT_3D('',#1415,#1416,#1417);
#1415 = CARTESIAN_POINT('',(728.5332657306,0.,0.));
#1416 = DIRECTION('',(-1.,-0.,-0.));
#1417 = DIRECTION('',(-0.,1.,0.));
#1418 = DEFINITIONAL_REPRESENTATION('',(#1419),#1423);
#1419 = LINE('',#1420,#1421);
#1420 = CARTESIAN_POINT('',(-0.,-0.));
#1421 = VECTOR('',#1422,1.);
#1422 = DIRECTION('',(-1.,-0.));
#1423 = ( GEOMETRIC_REPRESENTATION_CONTEXT(2) 
PARAMETRIC_REPRESENTATION_CONTEXT() REPRESENTATION_CONTEXT('2D SPACE',''
  ) );
#1424 = ORIENTED_EDGE('',*,*,#1375,.F.);
#1425 = ADVANCED_FACE('',(#1426),#1413,.T.);
#1426 = FACE_BOUND('',#1427,.T.);
#1427 = EDGE_LOOP('',(#1428,#1429,#1452,#1479));
#1428 = ORIENTED_EDGE('',*,*,#1398,.T.);
#1429 = ORIENTED_EDGE('',*,*,#1430,.T.);
#1430 = EDGE_CURVE('',#1376,#1431,#1433,.T.);
#1431 = VERTEX_POINT('',#1432);
#1432 = CARTESIAN_POINT('',(743.35615981638,1.119134167347E+03,0.));
#1433 = SEAM_CURVE('',#1434,(#1438,#1445),.PCURVE_S1.);
#1434 = LINE('',#1435,#1436);
#1435 = CARTESIAN_POINT('',(728.5332657306,1.120362427369E+03,0.));
#1436 = VECTOR('',#1437,1.);
#1437 = DIRECTION('',(0.996584493007,-8.257934547234E-02,0.));
#1438 = PCURVE('',#1413,#1439);
#1439 = DEFINITIONAL_REPRESENTATION('',(#1440),#1444);
#1440 = LINE('',#1441,#1442);
#1441 = CARTESIAN_POINT('',(-0.,-0.));
#1442 = VECTOR('',#1443,1.);
#1443 = DIRECTION('',(-0.,-1.));
#1444 = ( GEOMETRIC_REPRESENTATION_CONTEXT(2) 
PARAMETRIC_REPRESENTATION_CONTEXT() REPRESENTATION_CONTEXT('2D SPACE',''
  ) );
#1445 = PCURVE('',#1413,#1446);
#1446 = DEFINITIONAL_REPRESENTATION('',(#1447),#1451);
#1447 = LINE('',#1448,#1449);
#1448 = CARTESIAN_POINT('',(-6.28318530718,-0.));
#1449 = VECTOR('',#1450,1.);
#1450 = DIRECTION('',(-0.,-1.));
#1451 = ( GEOMETRIC_REPRESENTATION_CONTEXT(2) 
PARAMETRIC_REPRESENTATION_CONTEXT() REPRESENTATION_CONTEXT('2D SPACE',''
  ) );
#1452 = ORIENTED_EDGE('',*,*,#1453,.F.);
#1453 = EDGE_CURVE('',#1431,#1431,#1454,.T.);
#1454 = SURFACE_CURVE('',#1455,(#1460,#1467),.PCURVE_S1.);
#1455 = CIRCLE('',#1456,1.119134167347E+03);
#1456 = AXIS2_PLACEMENT_3D('',#1457,#1458,#1459);
#1457 = CARTESIAN_POINT('',(743.35615981638,0.,0.));
#1458 = DIRECTION('',(1.,0.,0.));
#1459 = DIRECTION('',(-0.,1.,0.));
#1460 = PCURVE('',#1413,#1461);
#1461 = DEFINITIONAL_REPRESENTATION('',(#1462),#1466);
#1462 = LINE('',#1463,#1464);
#1463 = CARTESIAN_POINT('',(-0.,-14.82289408578));
#1464 = VECTOR('',#1465,1.);
#1465 = DIRECTION('',(-1.,-0.));
#1466 = ( GEOMETRIC_REPRESENTATION_CONTEXT(2) 
PARAMETRIC_REPRESENTATION_CONTEXT() REPRESENTATION_CONTEXT('2D SPACE',''
  ) );
#1467 = PCURVE('',#1468,#1473);
#1468 = CONICAL_SURFACE('',#1469,1.119134167347E+03,0.192904812063);
#1469 = AXIS2_PLACEMENT_3D('',#1470,#1471,#1472);
#1470 = CARTESIAN_POINT('',(743.35615981638,0.,0.));
#1471 = DIRECTION('',(-1.,-0.,-0.));
#1472 = DIRECTION('',(-0.,1.,0.));
#1473 = DEFINITIONAL_REPRESENTATION('',(#1474),#1478);
#1474 = LINE('',#1475,#1476);
#1475 = CARTESIAN_POINT('',(-0.,-0.));
#1476 = VECTOR('',#1477,1.);
#1477 = DIRECTION('',(-1.,-0.));
#1478 = ( GEOMETRIC_REPRESENTATION_CONTEXT(2) 
PARAMETRIC_REPRESENTATION_CONTEXT() REPRESENTATION_CONTEXT('2D SPACE',''
  ) );
#1479 = ORIENTED_EDGE('',*,*,#1430,.F.);
#1480 = ADVANCED_FACE('',(#1481),#1468,.T.);
#1481 = FACE_BOUND('',#1482,.T.);
#1482 = EDGE_LOOP('',(#1483,#1484,#1507,#1534));
#1483 = ORIENTED_EDGE('',*,*,#1453,.T.);
#1484 = ORIENTED_EDGE('',*,*,#1485,.T.);
#1485 = EDGE_CURVE('',#1431,#1486,#1488,.T.);
#1486 = VERTEX_POINT('',#1487);
#1487 = CARTESIAN_POINT('',(757.9539702749,1.116282721823E+03,0.));
#1488 = SEAM_CURVE('',#1489,(#1493,#1500),.PCURVE_S1.);
#1489 = LINE('',#1490,#1491);
#1490 = CARTESIAN_POINT('',(743.35615981638,1.119134167347E+03,0.));
#1491 = VECTOR('',#1492,1.);
#1492 = DIRECTION('',(0.981451493252,-0.191710631924,0.));
#1493 = PCURVE('',#1468,#1494);
#1494 = DEFINITIONAL_REPRESENTATION('',(#1495),#1499);
#1495 = LINE('',#1496,#1497);
#1496 = CARTESIAN_POINT('',(-0.,-0.));
#1497 = VECTOR('',#1498,1.);
#1498 = DIRECTION('',(-0.,-1.));
#1499 = ( GEOMETRIC_REPRESENTATION_CONTEXT(2) 
PARAMETRIC_REPRESENTATION_CONTEXT() REPRESENTATION_CONTEXT('2D SPACE',''
  ) );
#1500 = PCURVE('',#1468,#1501);
#1501 = DEFINITIONAL_REPRESENTATION('',(#1502),#1506);
#1502 = LINE('',#1503,#1504);
#1503 = CARTESIAN_POINT('',(-6.28318530718,-0.));
#1504 = VECTOR('',#1505,1.);
#1505 = DIRECTION('',(-0.,-1.));
#1506 = ( GEOMETRIC_REPRESENTATION_CONTEXT(2) 
PARAMETRIC_REPRESENTATION_CONTEXT() REPRESENTATION_CONTEXT('2D SPACE',''
  ) );
#1507 = ORIENTED_EDGE('',*,*,#1508,.F.);
#1508 = EDGE_CURVE('',#1486,#1486,#1509,.T.);
#1509 = SURFACE_CURVE('',#1510,(#1515,#1522),.PCURVE_S1.);
#1510 = CIRCLE('',#1511,1.116282721823E+03);
#1511 = AXIS2_PLACEMENT_3D('',#1512,#1513,#1514);
#1512 = CARTESIAN_POINT('',(757.9539702749,0.,0.));
#1513 = DIRECTION('',(1.,0.,0.));
#1514 = DIRECTION('',(-0.,1.,0.));
#1515 = PCURVE('',#1468,#1516);
#1516 = DEFINITIONAL_REPRESENTATION('',(#1517),#1521);
#1517 = LINE('',#1518,#1519);
#1518 = CARTESIAN_POINT('',(-0.,-14.59781045852));
#1519 = VECTOR('',#1520,1.);
#1520 = DIRECTION('',(-1.,-0.));
#1521 = ( GEOMETRIC_REPRESENTATION_CONTEXT(2) 
PARAMETRIC_REPRESENTATION_CONTEXT() REPRESENTATION_CONTEXT('2D SPACE',''
  ) );
#1522 = PCURVE('',#1523,#1528);
#1523 = CONICAL_SURFACE('',#1524,1.116282721823E+03,0.303136133241);
#1524 = AXIS2_PLACEMENT_3D('',#1525,#1526,#1527);
#1525 = CARTESIAN_POINT('',(757.9539702749,0.,0.));
#1526 = DIRECTION('',(-1.,-0.,-0.));
#1527 = DIRECTION('',(-0.,1.,0.));
#1528 = DEFINITIONAL_REPRESENTATION('',(#1529),#1533);
#1529 = LINE('',#1530,#1531);
#1530 = CARTESIAN_POINT('',(-0.,-0.));
#1531 = VECTOR('',#1532,1.);
#1532 = DIRECTION('',(-1.,-0.));
#1533 = ( GEOMETRIC_REPRESENTATION_CONTEXT(2) 
PARAMETRIC_REPRESENTATION_CONTEXT() REPRESENTATION_CONTEXT('2D SPACE',''
  ) );
#1534 = ORIENTED_EDGE('',*,*,#1485,.F.);
#1535 = ADVANCED_FACE('',(#1536),#1523,.T.);
#1536 = FACE_BOUND('',#1537,.T.);
#1537 = EDGE_LOOP('',(#1538,#1539,#1562,#1589));
#1538 = ORIENTED_EDGE('',*,*,#1508,.T.);
#1539 = ORIENTED_EDGE('',*,*,#1540,.T.);
#1540 = EDGE_CURVE('',#1486,#1541,#1543,.T.);
#1541 = VERTEX_POINT('',#1542);
#1542 = CARTESIAN_POINT('',(772.14949946192,1.111842703483E+03,0.));
#1543 = SEAM_CURVE('',#1544,(#1548,#1555),.PCURVE_S1.);
#1544 = LINE('',#1545,#1546);
#1545 = CARTESIAN_POINT('',(757.9539702749,1.116282721823E+03,0.));
#1546 = VECTOR('',#1547,1.);
#1547 = DIRECTION('',(0.95440500188,-0.298514811002,0.));
#1548 = PCURVE('',#1523,#1549);
#1549 = DEFINITIONAL_REPRESENTATION('',(#1550),#1554);
#1550 = LINE('',#1551,#1552);
#1551 = CARTESIAN_POINT('',(-0.,-0.));
#1552 = VECTOR('',#1553,1.);
#1553 = DIRECTION('',(-0.,-1.));
#1554 = ( GEOMETRIC_REPRESENTATION_CONTEXT(2) 
PARAMETRIC_REPRESENTATION_CONTEXT() REPRESENTATION_CONTEXT('2D SPACE',''
  ) );
#1555 = PCURVE('',#1523,#1556);
#1556 = DEFINITIONAL_REPRESENTATION('',(#1557),#1561);
#1557 = LINE('',#1558,#1559);
#1558 = CARTESIAN_POINT('',(-6.28318530718,-0.));
#1559 = VECTOR('',#1560,1.);
#1560 = DIRECTION('',(-0.,-1.));
#1561 = ( GEOMETRIC_REPRESENTATION_CONTEXT(2) 
PARAMETRIC_REPRESENTATION_CONTEXT() REPRESENTATION_CONTEXT('2D SPACE',''
  ) );
#1562 = ORIENTED_EDGE('',*,*,#1563,.F.);
#1563 = EDGE_CURVE('',#1541,#1541,#1564,.T.);
#1564 = SURFACE_CURVE('',#1565,(#1570,#1577),.PCURVE_S1.);
#1565 = CIRCLE('',#1566,1.111842703483E+03);
#1566 = AXIS2_PLACEMENT_3D('',#1567,#1568,#1569);
#1567 = CARTESIAN_POINT('',(772.14949946192,0.,0.));
#1568 = DIRECTION('',(1.,0.,0.));
#1569 = DIRECTION('',(-0.,1.,0.));
#1570 = PCURVE('',#1523,#1571);
#1571 = DEFINITIONAL_REPRESENTATION('',(#1572),#1576);
#1572 = LINE('',#1573,#1574);
#1573 = CARTESIAN_POINT('',(-0.,-14.19552918701));
#1574 = VECTOR('',#1575,1.);
#1575 = DIRECTION('',(-1.,-0.));
#1576 = ( GEOMETRIC_REPRESENTATION_CONTEXT(2) 
PARAMETRIC_REPRESENTATION_CONTEXT() REPRESENTATION_CONTEXT('2D SPACE',''
  ) );
#1577 = PCURVE('',#1578,#1583);
#1578 = CONICAL_SURFACE('',#1579,1.111842703483E+03,0.41336745442);
#1579 = AXIS2_PLACEMENT_3D('',#1580,#1581,#1582);
#1580 = CARTESIAN_POINT('',(772.14949946192,0.,0.));
#1581 = DIRECTION('',(-1.,-0.,-0.));
#1582 = DIRECTION('',(-0.,1.,0.));
#1583 = DEFINITIONAL_REPRESENTATION('',(#1584),#1588);
#1584 = LINE('',#1585,#1586);
#1585 = CARTESIAN_POINT('',(-0.,-0.));
#1586 = VECTOR('',#1587,1.);
#1587 = DIRECTION('',(-1.,-0.));
#1588 = ( GEOMETRIC_REPRESENTATION_CONTEXT(2) 
PARAMETRIC_REPRESENTATION_CONTEXT() REPRESENTATION_CONTEXT('2D SPACE',''
  ) );
#1589 = ORIENTED_EDGE('',*,*,#1540,.F.);
#1590 = ADVANCED_FACE('',(#1591),#1578,.T.);
#1591 = FACE_BOUND('',#1592,.T.);
#1592 = EDGE_LOOP('',(#1593,#1594,#1617,#1644));
#1593 = ORIENTED_EDGE('',*,*,#1563,.T.);
#1594 = ORIENTED_EDGE('',*,*,#1595,.T.);
#1595 = EDGE_CURVE('',#1541,#1596,#1598,.T.);
#1596 = VERTEX_POINT('',#1597);
#1597 = CARTESIAN_POINT('',(785.77043288286,1.105868008135E+03,0.));
#1598 = SEAM_CURVE('',#1599,(#1603,#1610),.PCURVE_S1.);
#1599 = LINE('',#1600,#1601);
#1600 = CARTESIAN_POINT('',(772.14949946192,1.111842703483E+03,0.));
#1601 = VECTOR('',#1602,1.);
#1602 = DIRECTION('',(0.915773326655,-0.401695424653,0.));
#1603 = PCURVE('',#1578,#1604);
#1604 = DEFINITIONAL_REPRESENTATION('',(#1605),#1609);
#1605 = LINE('',#1606,#1607);
#1606 = CARTESIAN_POINT('',(-0.,-0.));
#1607 = VECTOR('',#1608,1.);
#1608 = DIRECTION('',(-0.,-1.));
#1609 = ( GEOMETRIC_REPRESENTATION_CONTEXT(2) 
PARAMETRIC_REPRESENTATION_CONTEXT() REPRESENTATION_CONTEXT('2D SPACE',''
  ) );
#1610 = PCURVE('',#1578,#1611);
#1611 = DEFINITIONAL_REPRESENTATION('',(#1612),#1616);
#1612 = LINE('',#1613,#1614);
#1613 = CARTESIAN_POINT('',(-6.28318530718,-0.));
#1614 = VECTOR('',#1615,1.);
#1615 = DIRECTION('',(-0.,-1.));
#1616 = ( GEOMETRIC_REPRESENTATION_CONTEXT(2) 
PARAMETRIC_REPRESENTATION_CONTEXT() REPRESENTATION_CONTEXT('2D SPACE',''
  ) );
#1617 = ORIENTED_EDGE('',*,*,#1618,.F.);
#1618 = EDGE_CURVE('',#1596,#1596,#1619,.T.);
#1619 = SURFACE_CURVE('',#1620,(#1625,#1632),.PCURVE_S1.);
#1620 = CIRCLE('',#1621,1.105868008135E+03);
#1621 = AXIS2_PLACEMENT_3D('',#1622,#1623,#1624);
#1622 = CARTESIAN_POINT('',(785.77043288286,0.,0.));
#1623 = DIRECTION('',(1.,0.,0.));
#1624 = DIRECTION('',(-0.,1.,0.));
#1625 = PCURVE('',#1578,#1626);
#1626 = DEFINITIONAL_REPRESENTATION('',(#1627),#1631);
#1627 = LINE('',#1628,#1629);
#1628 = CARTESIAN_POINT('',(-0.,-13.62093342094));
#1629 = VECTOR('',#1630,1.);
#1630 = DIRECTION('',(-1.,-0.));
#1631 = ( GEOMETRIC_REPRESENTATION_CONTEXT(2) 
PARAMETRIC_REPRESENTATION_CONTEXT() REPRESENTATION_CONTEXT('2D SPACE',''
  ) );
#1632 = PCURVE('',#1633,#1638);
#1633 = CONICAL_SURFACE('',#1634,1.105868008135E+03,0.523598775598);
#1634 = AXIS2_PLACEMENT_3D('',#1635,#1636,#1637);
#1635 = CARTESIAN_POINT('',(785.77043288286,0.,0.));
#1636 = DIRECTION('',(-1.,-0.,-0.));
#1637 = DIRECTION('',(-0.,1.,0.));
#1638 = DEFINITIONAL_REPRESENTATION('',(#1639),#1643);
#1639 = LINE('',#1640,#1641);
#1640 = CARTESIAN_POINT('',(-0.,-0.));
#1641 = VECTOR('',#1642,1.);
#1642 = DIRECTION('',(-1.,-0.));
#1643 = ( GEOMETRIC_REPRESENTATION_CONTEXT(2) 
PARAMETRIC_REPRESENTATION_CONTEXT() REPRESENTATION_CONTEXT('2D SPACE',''
  ) );
#1644 = ORIENTED_EDGE('',*,*,#1595,.F.);
#1645 = ADVANCED_FACE('',(#1646),#1633,.T.);
#1646 = FACE_BOUND('',#1647,.T.);
#1647 = EDGE_LOOP('',(#1648,#1649,#1672,#1699));
#1648 = ORIENTED_EDGE('',*,*,#1618,.T.);
#1649 = ORIENTED_EDGE('',*,*,#1650,.T.);
#1650 = EDGE_CURVE('',#1596,#1651,#1653,.T.);
#1651 = VERTEX_POINT('',#1652);
#1652 = CARTESIAN_POINT('',(798.65143085742,1.098431160487E+03,0.));
#1653 = SEAM_CURVE('',#1654,(#1658,#1665),.PCURVE_S1.);
#1654 = LINE('',#1655,#1656);
#1655 = CARTESIAN_POINT('',(785.77043288286,1.105868008135E+03,0.));
#1656 = VECTOR('',#1657,1.);
#1657 = DIRECTION('',(0.866025403784,-0.5,0.));
#1658 = PCURVE('',#1633,#1659);
#1659 = DEFINITIONAL_REPRESENTATION('',(#1660),#1664);
#1660 = LINE('',#1661,#1662);
#1661 = CARTESIAN_POINT('',(-0.,-0.));
#1662 = VECTOR('',#1663,1.);
#1663 = DIRECTION('',(-0.,-1.));
#1664 = ( GEOMETRIC_REPRESENTATION_CONTEXT(2) 
PARAMETRIC_REPRESENTATION_CONTEXT() REPRESENTATION_CONTEXT('2D SPACE',''
  ) );
#1665 = PCURVE('',#1633,#1666);
#1666 = DEFINITIONAL_REPRESENTATION('',(#1667),#1671);
#1667 = LINE('',#1668,#1669);
#1668 = CARTESIAN_POINT('',(-6.28318530718,-0.));
#1669 = VECTOR('',#1670,1.);
#1670 = DIRECTION('',(-0.,-1.));
#1671 = ( GEOMETRIC_REPRESENTATION_CONTEXT(2) 
PARAMETRIC_REPRESENTATION_CONTEXT() REPRESENTATION_CONTEXT('2D SPACE',''
  ) );
#1672 = ORIENTED_EDGE('',*,*,#1673,.F.);
#1673 = EDGE_CURVE('',#1651,#1651,#1674,.T.);
#1674 = SURFACE_CURVE('',#1675,(#1680,#1687),.PCURVE_S1.);
#1675 = CIRCLE('',#1676,1.098431160487E+03);
#1676 = AXIS2_PLACEMENT_3D('',#1677,#1678,#1679);
#1677 = CARTESIAN_POINT('',(798.65143085742,0.,0.));
#1678 = DIRECTION('',(1.,0.,0.));
#1679 = DIRECTION('',(-0.,1.,0.));
#1680 = PCURVE('',#1633,#1681);
#1681 = DEFINITIONAL_REPRESENTATION('',(#1682),#1686);
#1682 = LINE('',#1683,#1684);
#1683 = CARTESIAN_POINT('',(-0.,-12.88099797455));
#1684 = VECTOR('',#1685,1.);
#1685 = DIRECTION('',(-1.,-0.));
#1686 = ( GEOMETRIC_REPRESENTATION_CONTEXT(2) 
PARAMETRIC_REPRESENTATION_CONTEXT() REPRESENTATION_CONTEXT('2D SPACE',''
  ) );
#1687 = PCURVE('',#1688,#1693);
#1688 = CONICAL_SURFACE('',#1689,1.098431160487E+03,0.633830096777);
#1689 = AXIS2_PLACEMENT_3D('',#1690,#1691,#1692);
#1690 = CARTESIAN_POINT('',(798.65143085742,0.,0.));
#1691 = DIRECTION('',(-1.,-0.,-0.));
#1692 = DIRECTION('',(-0.,1.,0.));
#1693 = DEFINITIONAL_REPRESENTATION('',(#1694),#1698);
#1694 = LINE('',#1695,#1696);
#1695 = CARTESIAN_POINT('',(-0.,-0.));
#1696 = VECTOR('',#1697,1.);
#1697 = DIRECTION('',(-1.,-0.));
#1698 = ( GEOMETRIC_REPRESENTATION_CONTEXT(2) 
PARAMETRIC_REPRESENTATION_CONTEXT() REPRESENTATION_CONTEXT('2D SPACE',''
  ) );
#1699 = ORIENTED_EDGE('',*,*,#1650,.F.);
#1700 = ADVANCED_FACE('',(#1701),#1688,.T.);
#1701 = FACE_BOUND('',#1702,.T.);
#1702 = EDGE_LOOP('',(#1703,#1704,#1727,#1754));
#1703 = ORIENTED_EDGE('',*,*,#1673,.T.);
#1704 = ORIENTED_EDGE('',*,*,#1705,.T.);
#1705 = EDGE_CURVE('',#1651,#1706,#1708,.T.);
#1706 = VERTEX_POINT('',#1707);
#1707 = CARTESIAN_POINT('',(810.63613551924,1.089622433795E+03,0.));
#1708 = SEAM_CURVE('',#1709,(#1713,#1720),.PCURVE_S1.);
#1709 = LINE('',#1710,#1711);
#1710 = CARTESIAN_POINT('',(798.65143085742,1.098431160487E+03,0.));
#1711 = VECTOR('',#1712,1.);
#1712 = DIRECTION('',(0.805765105661,-0.592235252665,0.));
#1713 = PCURVE('',#1688,#1714);
#1714 = DEFINITIONAL_REPRESENTATION('',(#1715),#1719);
#1715 = LINE('',#1716,#1717);
#1716 = CARTESIAN_POINT('',(-0.,-0.));
#1717 = VECTOR('',#1718,1.);
#1718 = DIRECTION('',(-0.,-1.));
#1719 = ( GEOMETRIC_REPRESENTATION_CONTEXT(2) 
PARAMETRIC_REPRESENTATION_CONTEXT() REPRESENTATION_CONTEXT('2D SPACE',''
  ) );
#1720 = PCURVE('',#1688,#1721);
#1721 = DEFINITIONAL_REPRESENTATION('',(#1722),#1726);
#1722 = LINE('',#1723,#1724);
#1723 = CARTESIAN_POINT('',(-6.28318530718,-0.));
#1724 = VECTOR('',#1725,1.);
#1725 = DIRECTION('',(-0.,-1.));
#1726 = ( GEOMETRIC_REPRESENTATION_CONTEXT(2) 
PARAMETRIC_REPRESENTATION_CONTEXT() REPRESENTATION_CONTEXT('2D SPACE',''
  ) );
#1727 = ORIENTED_EDGE('',*,*,#1728,.F.);
#1728 = EDGE_CURVE('',#1706,#1706,#1729,.T.);
#1729 = SURFACE_CURVE('',#1730,(#1735,#1742),.PCURVE_S1.);
#1730 = CIRCLE('',#1731,1.089622433795E+03);
#1731 = AXIS2_PLACEMENT_3D('',#1732,#1733,#1734);
#1732 = CARTESIAN_POINT('',(810.63613551924,0.,0.));
#1733 = DIRECTION('',(1.,0.,0.));
#1734 = DIRECTION('',(-0.,1.,0.));
#1735 = PCURVE('',#1688,#1736);
#1736 = DEFINITIONAL_REPRESENTATION('',(#1737),#1741);
#1737 = LINE('',#1738,#1739);
#1738 = CARTESIAN_POINT('',(-0.,-11.98470466181));
#1739 = VECTOR('',#1740,1.);
#1740 = DIRECTION('',(-1.,-0.));
#1741 = ( GEOMETRIC_REPRESENTATION_CONTEXT(2) 
PARAMETRIC_REPRESENTATION_CONTEXT() REPRESENTATION_CONTEXT('2D SPACE',''
  ) );
#1742 = PCURVE('',#1743,#1748);
#1743 = CONICAL_SURFACE('',#1744,1.089622433795E+03,0.744061417955);
#1744 = AXIS2_PLACEMENT_3D('',#1745,#1746,#1747);
#1745 = CARTESIAN_POINT('',(810.63613551924,0.,0.));
#1746 = DIRECTION('',(-1.,-0.,-0.));
#1747 = DIRECTION('',(-0.,1.,0.));
#1748 = DEFINITIONAL_REPRESENTATION('',(#1749),#1753);
#1749 = LINE('',#1750,#1751);
#1750 = CARTESIAN_POINT('',(-0.,-0.));
#1751 = VECTOR('',#1752,1.);
#1752 = DIRECTION('',(-1.,-0.));
#1753 = ( GEOMETRIC_REPRESENTATION_CONTEXT(2) 
PARAMETRIC_REPRESENTATION_CONTEXT() REPRESENTATION_CONTEXT('2D SPACE',''
  ) );
#1754 = ORIENTED_EDGE('',*,*,#1705,.F.);
#1755 = ADVANCED_FACE('',(#1756),#1743,.T.);
#1756 = FACE_BOUND('',#1757,.T.);
#1757 = EDGE_LOOP('',(#1758,#1759,#1782,#1809));
#1758 = ORIENTED_EDGE('',*,*,#1728,.T.);
#1759 = ORIENTED_EDGE('',*,*,#1760,.T.);
#1760 = EDGE_CURVE('',#1706,#1761,#1763,.T.);
#1761 = VERTEX_POINT('',#1762);
#1762 = CARTESIAN_POINT('',(821.57906878864,1.079548754069E+03,0.));
#1763 = SEAM_CURVE('',#1764,(#1768,#1775),.PCURVE_S1.);
#1764 = LINE('',#1765,#1766);
#1765 = CARTESIAN_POINT('',(810.63613551924,1.089622433795E+03,0.));
#1766 = VECTOR('',#1767,1.);
#1767 = DIRECTION('',(0.735723910673,-0.677281571626,0.));
#1768 = PCURVE('',#1743,#1769);
#1769 = DEFINITIONAL_REPRESENTATION('',(#1770),#1774);
#1770 = LINE('',#1771,#1772);
#1771 = CARTESIAN_POINT('',(-0.,-0.));
#1772 = VECTOR('',#1773,1.);
#1773 = DIRECTION('',(-0.,-1.));
#1774 = ( GEOMETRIC_REPRESENTATION_CONTEXT(2) 
PARAMETRIC_REPRESENTATION_CONTEXT() REPRESENTATION_CONTEXT('2D SPACE',''
  ) );
#1775 = PCURVE('',#1743,#1776);
#1776 = DEFINITIONAL_REPRESENTATION('',(#1777),#1781);
#1777 = LINE('',#1778,#1779);
#1778 = CARTESIAN_POINT('',(-6.28318530718,-0.));
#1779 = VECTOR('',#1780,1.);
#1780 = DIRECTION('',(-0.,-1.));
#1781 = ( GEOMETRIC_REPRESENTATION_CONTEXT(2) 
PARAMETRIC_REPRESENTATION_CONTEXT() REPRESENTATION_CONTEXT('2D SPACE',''
  ) );
#1782 = ORIENTED_EDGE('',*,*,#1783,.F.);
#1783 = EDGE_CURVE('',#1761,#1761,#1784,.T.);
#1784 = SURFACE_CURVE('',#1785,(#1790,#1797),.PCURVE_S1.);
#1785 = CIRCLE('',#1786,1.079548754069E+03);
#1786 = AXIS2_PLACEMENT_3D('',#1787,#1788,#1789);
#1787 = CARTESIAN_POINT('',(821.57906878864,0.,0.));
#1788 = DIRECTION('',(1.,0.,0.));
#1789 = DIRECTION('',(-0.,1.,0.));
#1790 = PCURVE('',#1743,#1791);
#1791 = DEFINITIONAL_REPRESENTATION('',(#1792),#1796);
#1792 = LINE('',#1793,#1794);
#1793 = CARTESIAN_POINT('',(-0.,-10.94293326939));
#1794 = VECTOR('',#1795,1.);
#1795 = DIRECTION('',(-1.,-0.));
#1796 = ( GEOMETRIC_REPRESENTATION_CONTEXT(2) 
PARAMETRIC_REPRESENTATION_CONTEXT() REPRESENTATION_CONTEXT('2D SPACE',''
  ) );
#1797 = PCURVE('',#1798,#1803);
#1798 = CONICAL_SURFACE('',#1799,1.079548754069E+03,0.854292739134);
#1799 = AXIS2_PLACEMENT_3D('',#1800,#1801,#1802);
#1800 = CARTESIAN_POINT('',(821.57906878864,0.,0.));
#1801 = DIRECTION('',(-1.,-0.,-0.));
#1802 = DIRECTION('',(-0.,1.,0.));
#1803 = DEFINITIONAL_REPRESENTATION('',(#1804),#1808);
#1804 = LINE('',#1805,#1806);
#1805 = CARTESIAN_POINT('',(-0.,-0.));
#1806 = VECTOR('',#1807,1.);
#1807 = DIRECTION('',(-1.,-0.));
#1808 = ( GEOMETRIC_REPRESENTATION_CONTEXT(2) 
PARAMETRIC_REPRESENTATION_CONTEXT() REPRESENTATION_CONTEXT('2D SPACE',''
  ) );
#1809 = ORIENTED_EDGE('',*,*,#1760,.F.);
#1810 = ADVANCED_FACE('',(#1811),#1798,.T.);
#1811 = FACE_BOUND('',#1812,.T.);
#1812 = EDGE_LOOP('',(#1813,#1814,#1837,#1864));
#1813 = ORIENTED_EDGE('',*,*,#1783,.T.);
#1814 = ORIENTED_EDGE('',*,*,#1815,.T.);
#1815 = EDGE_CURVE('',#1761,#1816,#1818,.T.);
#1816 = VERTEX_POINT('',#1817);
#1817 = CARTESIAN_POINT('',(831.34739827941,1.068332402134E+03,0.));
#1818 = SEAM_CURVE('',#1819,(#1823,#1830),.PCURVE_S1.);
#1819 = LINE('',#1820,#1821);
#1820 = CARTESIAN_POINT('',(821.57906878864,1.079548754069E+03,0.));
#1821 = VECTOR('',#1822,1.);
#1822 = DIRECTION('',(0.656752024048,-0.754106609777,0.));
#1823 = PCURVE('',#1798,#1824);
#1824 = DEFINITIONAL_REPRESENTATION('',(#1825),#1829);
#1825 = LINE('',#1826,#1827);
#1826 = CARTESIAN_POINT('',(-0.,-0.));
#1827 = VECTOR('',#1828,1.);
#1828 = DIRECTION('',(-0.,-1.));
#1829 = ( GEOMETRIC_REPRESENTATION_CONTEXT(2) 
PARAMETRIC_REPRESENTATION_CONTEXT() REPRESENTATION_CONTEXT('2D SPACE',''
  ) );
#1830 = PCURVE('',#1798,#1831);
#1831 = DEFINITIONAL_REPRESENTATION('',(#1832),#1836);
#1832 = LINE('',#1833,#1834);
#1833 = CARTESIAN_POINT('',(-6.28318530718,-0.));
#1834 = VECTOR('',#1835,1.);
#1835 = DIRECTION('',(-0.,-1.));
#1836 = ( GEOMETRIC_REPRESENTATION_CONTEXT(2) 
PARAMETRIC_REPRESENTATION_CONTEXT() REPRESENTATION_CONTEXT('2D SPACE',''
  ) );
#1837 = ORIENTED_EDGE('',*,*,#1838,.F.);
#1838 = EDGE_CURVE('',#1816,#1816,#1839,.T.);
#1839 = SURFACE_CURVE('',#1840,(#1845,#1852),.PCURVE_S1.);
#1840 = CIRCLE('',#1841,1.068332402134E+03);
#1841 = AXIS2_PLACEMENT_3D('',#1842,#1843,#1844);
#1842 = CARTESIAN_POINT('',(831.34739827941,0.,0.));
#1843 = DIRECTION('',(1.,0.,0.));
#1844 = DIRECTION('',(-0.,1.,0.));
#1845 = PCURVE('',#1798,#1846);
#1846 = DEFINITIONAL_REPRESENTATION('',(#1847),#1851);
#1847 = LINE('',#1848,#1849);
#1848 = CARTESIAN_POINT('',(-0.,-9.768329490772));
#1849 = VECTOR('',#1850,1.);
#1850 = DIRECTION('',(-1.,-0.));
#1851 = ( GEOMETRIC_REPRESENTATION_CONTEXT(2) 
PARAMETRIC_REPRESENTATION_CONTEXT() REPRESENTATION_CONTEXT('2D SPACE',''
  ) );
#1852 = PCURVE('',#1853,#1858);
#1853 = CONICAL_SURFACE('',#1854,1.068332402134E+03,0.964524060313);
#1854 = AXIS2_PLACEMENT_3D('',#1855,#1856,#1857);
#1855 = CARTESIAN_POINT('',(831.34739827941,0.,0.));
#1856 = DIRECTION('',(-1.,-0.,-0.));
#1857 = DIRECTION('',(-0.,1.,0.));
#1858 = DEFINITIONAL_REPRESENTATION('',(#1859),#1863);
#1859 = LINE('',#1860,#1861);
#1860 = CARTESIAN_POINT('',(-0.,-0.));
#1861 = VECTOR('',#1862,1.);
#1862 = DIRECTION('',(-1.,-0.));
#1863 = ( GEOMETRIC_REPRESENTATION_CONTEXT(2) 
PARAMETRIC_REPRESENTATION_CONTEXT() REPRESENTATION_CONTEXT('2D SPACE',''
  ) );
#1864 = ORIENTED_EDGE('',*,*,#1815,.F.);
#1865 = ADVANCED_FACE('',(#1866),#1853,.T.);
#1866 = FACE_BOUND('',#1867,.T.);
#1867 = EDGE_LOOP('',(#1868,#1869,#1892,#1919));
#1868 = ORIENTED_EDGE('',*,*,#1838,.T.);
#1869 = ORIENTED_EDGE('',*,*,#1870,.T.);
#1870 = EDGE_CURVE('',#1816,#1871,#1873,.T.);
#1871 = VERTEX_POINT('',#1872);
#1872 = CARTESIAN_POINT('',(839.82254970407,1.056109529309E+03,0.));
#1873 = SEAM_CURVE('',#1874,(#1878,#1885),.PCURVE_S1.);
#1874 = LINE('',#1875,#1876);
#1875 = CARTESIAN_POINT('',(831.34739827941,1.068332402134E+03,0.));
#1876 = VECTOR('',#1877,1.);
#1877 = DIRECTION('',(0.56980805751,-0.821777815225,0.));
#1878 = PCURVE('',#1853,#1879);
#1879 = DEFINITIONAL_REPRESENTATION('',(#1880),#1884);
#1880 = LINE('',#1881,#1882);
#1881 = CARTESIAN_POINT('',(-0.,-0.));
#1882 = VECTOR('',#1883,1.);
#1883 = DIRECTION('',(-0.,-1.));
#1884 = ( GEOMETRIC_REPRESENTATION_CONTEXT(2) 
PARAMETRIC_REPRESENTATION_CONTEXT() REPRESENTATION_CONTEXT('2D SPACE',''
  ) );
#1885 = PCURVE('',#1853,#1886);
#1886 = DEFINITIONAL_REPRESENTATION('',(#1887),#1891);
#1887 = LINE('',#1888,#1889);
#1888 = CARTESIAN_POINT('',(-6.28318530718,-0.));
#1889 = VECTOR('',#1890,1.);
#1890 = DIRECTION('',(-0.,-1.));
#1891 = ( GEOMETRIC_REPRESENTATION_CONTEXT(2) 
PARAMETRIC_REPRESENTATION_CONTEXT() REPRESENTATION_CONTEXT('2D SPACE',''
  ) );
#1892 = ORIENTED_EDGE('',*,*,#1893,.F.);
#1893 = EDGE_CURVE('',#1871,#1871,#1894,.T.);
#1894 = SURFACE_CURVE('',#1895,(#1900,#1907),.PCURVE_S1.);
#1895 = CIRCLE('',#1896,1.056109529309E+03);
#1896 = AXIS2_PLACEMENT_3D('',#1897,#1898,#1899);
#1897 = CARTESIAN_POINT('',(839.82254970407,0.,0.));
#1898 = DIRECTION('',(1.,0.,0.));
#1899 = DIRECTION('',(-0.,1.,0.));
#1900 = PCURVE('',#1853,#1901);
#1901 = DEFINITIONAL_REPRESENTATION('',(#1902),#1906);
#1902 = LINE('',#1903,#1904);
#1903 = CARTESIAN_POINT('',(-0.,-8.475151424661));
#1904 = VECTOR('',#1905,1.);
#1905 = DIRECTION('',(-1.,-0.));
#1906 = ( GEOMETRIC_REPRESENTATION_CONTEXT(2) 
PARAMETRIC_REPRESENTATION_CONTEXT() REPRESENTATION_CONTEXT('2D SPACE',''
  ) );
#1907 = PCURVE('',#1908,#1913);
#1908 = CONICAL_SURFACE('',#1909,1.056109529309E+03,1.074755381491);
#1909 = AXIS2_PLACEMENT_3D('',#1910,#1911,#1912);
#1910 = CARTESIAN_POINT('',(839.82254970407,0.,0.));
#1911 = DIRECTION('',(-1.,-0.,-0.));
#1912 = DIRECTION('',(-0.,1.,0.));
#1913 = DEFINITIONAL_REPRESENTATION('',(#1914),#1918);
#1914 = LINE('',#1915,#1916);
#1915 = CARTESIAN_POINT('',(-0.,-0.));
#1916 = VECTOR('',#1917,1.);
#1917 = DIRECTION('',(-1.,-0.));
#1918 = ( GEOMETRIC_REPRESENTATION_CONTEXT(2) 
PARAMETRIC_REPRESENTATION_CONTEXT() REPRESENTATION_CONTEXT('2D SPACE',''
  ) );
#1919 = ORIENTED_EDGE('',*,*,#1870,.F.);
#1920 = ADVANCED_FACE('',(#1921),#1908,.T.);
#1921 = FACE_BOUND('',#1922,.T.);
#1922 = EDGE_LOOP('',(#1923,#1924,#1947,#1974));
#1923 = ORIENTED_EDGE('',*,*,#1893,.T.);
#1924 = ORIENTED_EDGE('',*,*,#1925,.T.);
#1925 = EDGE_CURVE('',#1871,#1926,#1928,.T.);
#1926 = VERTEX_POINT('',#1927);
#1927 = CARTESIAN_POINT('',(846.90164620507,1.043028504713E+03,0.));
#1928 = SEAM_CURVE('',#1929,(#1933,#1940),.PCURVE_S1.);
#1929 = LINE('',#1930,#1931);
#1930 = CARTESIAN_POINT('',(839.82254970407,1.056109529309E+03,0.));
#1931 = VECTOR('',#1932,1.);
#1932 = DIRECTION('',(0.475947393037,-0.879473751206,0.));
#1933 = PCURVE('',#1908,#1934);
#1934 = DEFINITIONAL_REPRESENTATION('',(#1935),#1939);
#1935 = LINE('',#1936,#1937);
#1936 = CARTESIAN_POINT('',(-0.,-0.));
#1937 = VECTOR('',#1938,1.);
#1938 = DIRECTION('',(-0.,-1.));
#1939 = ( GEOMETRIC_REPRESENTATION_CONTEXT(2) 
PARAMETRIC_REPRESENTATION_CONTEXT() REPRESENTATION_CONTEXT('2D SPACE',''
  ) );
#1940 = PCURVE('',#1908,#1941);
#1941 = DEFINITIONAL_REPRESENTATION('',(#1942),#1946);
#1942 = LINE('',#1943,#1944);
#1943 = CARTESIAN_POINT('',(-6.28318530718,-0.));
#1944 = VECTOR('',#1945,1.);
#1945 = DIRECTION('',(-0.,-1.));
#1946 = ( GEOMETRIC_REPRESENTATION_CONTEXT(2) 
PARAMETRIC_REPRESENTATION_CONTEXT() REPRESENTATION_CONTEXT('2D SPACE',''
  ) );
#1947 = ORIENTED_EDGE('',*,*,#1948,.F.);
#1948 = EDGE_CURVE('',#1926,#1926,#1949,.T.);
#1949 = SURFACE_CURVE('',#1950,(#1955,#1962),.PCURVE_S1.);
#1950 = CIRCLE('',#1951,1.043028504713E+03);
#1951 = AXIS2_PLACEMENT_3D('',#1952,#1953,#1954);
#1952 = CARTESIAN_POINT('',(846.90164620507,0.,0.));
#1953 = DIRECTION('',(1.,0.,0.));
#1954 = DIRECTION('',(-0.,1.,0.));
#1955 = PCURVE('',#1908,#1956);
#1956 = DEFINITIONAL_REPRESENTATION('',(#1957),#1961);
#1957 = LINE('',#1958,#1959);
#1958 = CARTESIAN_POINT('',(-0.,-7.079096500999));
#1959 = VECTOR('',#1960,1.);
#1960 = DIRECTION('',(-1.,-0.));
#1961 = ( GEOMETRIC_REPRESENTATION_CONTEXT(2) 
PARAMETRIC_REPRESENTATION_CONTEXT() REPRESENTATION_CONTEXT('2D SPACE',''
  ) );
#1962 = PCURVE('',#1963,#1968);
#1963 = CONICAL_SURFACE('',#1964,1.043028504713E+03,1.18498670267);
#1964 = AXIS2_PLACEMENT_3D('',#1965,#1966,#1967);
#1965 = CARTESIAN_POINT('',(846.90164620507,0.,0.));
#1966 = DIRECTION('',(-1.,-0.,-0.));
#1967 = DIRECTION('',(-0.,1.,0.));
#1968 = DEFINITIONAL_REPRESENTATION('',(#1969),#1973);
#1969 = LINE('',#1970,#1971);
#1970 = CARTESIAN_POINT('',(-0.,-0.));
#1971 = VECTOR('',#1972,1.);
#1972 = DIRECTION('',(-1.,-0.));
#1973 = ( GEOMETRIC_REPRESENTATION_CONTEXT(2) 
PARAMETRIC_REPRESENTATION_CONTEXT() REPRESENTATION_CONTEXT('2D SPACE',''
  ) );
#1974 = ORIENTED_EDGE('',*,*,#1925,.F.);
#1975 = ADVANCED_FACE('',(#1976),#1963,.T.);
#1976 = FACE_BOUND('',#1977,.T.);
#1977 = EDGE_LOOP('',(#1978,#1979,#2002,#2029));
#1978 = ORIENTED_EDGE('',*,*,#1948,.T.);
#1979 = ORIENTED_EDGE('',*,*,#1980,.T.);
#1980 = EDGE_CURVE('',#1926,#1981,#1983,.T.);
#1981 = VERTEX_POINT('',#1982);
#1982 = CARTESIAN_POINT('',(852.49875714048,1.029248114264E+03,0.));
#1983 = SEAM_CURVE('',#1984,(#1988,#1995),.PCURVE_S1.);
#1984 = LINE('',#1985,#1986);
#1985 = CARTESIAN_POINT('',(846.90164620507,1.043028504713E+03,0.));
#1986 = VECTOR('',#1987,1.);
#1987 = DIRECTION('',(0.376309371948,-0.926494067215,0.));
#1988 = PCURVE('',#1963,#1989);
#1989 = DEFINITIONAL_REPRESENTATION('',(#1990),#1994);
#1990 = LINE('',#1991,#1992);
#1991 = CARTESIAN_POINT('',(-0.,-0.));
#1992 = VECTOR('',#1993,1.);
#1993 = DIRECTION('',(-0.,-1.));
#1994 = ( GEOMETRIC_REPRESENTATION_CONTEXT(2) 
PARAMETRIC_REPRESENTATION_CONTEXT() REPRESENTATION_CONTEXT('2D SPACE',''
  ) );
#1995 = PCURVE('',#1963,#1996);
#1996 = DEFINITIONAL_REPRESENTATION('',(#1997),#2001);
#1997 = LINE('',#1998,#1999);
#1998 = CARTESIAN_POINT('',(-6.28318530718,-0.));
#1999 = VECTOR('',#2000,1.);
#2000 = DIRECTION('',(-0.,-1.));
#2001 = ( GEOMETRIC_REPRESENTATION_CONTEXT(2) 
PARAMETRIC_REPRESENTATION_CONTEXT() REPRESENTATION_CONTEXT('2D SPACE',''
  ) );
#2002 = ORIENTED_EDGE('',*,*,#2003,.F.);
#2003 = EDGE_CURVE('',#1981,#1981,#2004,.T.);
#2004 = SURFACE_CURVE('',#2005,(#2010,#2017),.PCURVE_S1.);
#2005 = CIRCLE('',#2006,1.029248114264E+03);
#2006 = AXIS2_PLACEMENT_3D('',#2007,#2008,#2009);
#2007 = CARTESIAN_POINT('',(852.49875714048,0.,0.));
#2008 = DIRECTION('',(1.,0.,0.));
#2009 = DIRECTION('',(-0.,1.,0.));
#2010 = PCURVE('',#1963,#2011);
#2011 = DEFINITIONAL_REPRESENTATION('',(#2012),#2016);
#2012 = LINE('',#2013,#2014);
#2013 = CARTESIAN_POINT('',(-0.,-5.597110935413));
#2014 = VECTOR('',#2015,1.);
#2015 = DIRECTION('',(-1.,-0.));
#2016 = ( GEOMETRIC_REPRESENTATION_CONTEXT(2) 
PARAMETRIC_REPRESENTATION_CONTEXT() REPRESENTATION_CONTEXT('2D SPACE',''
  ) );
#2017 = PCURVE('',#2018,#2023);
#2018 = CONICAL_SURFACE('',#2019,1.029248114264E+03,1.295218023848);
#2019 = AXIS2_PLACEMENT_3D('',#2020,#2021,#2022);
#2020 = CARTESIAN_POINT('',(852.49875714048,0.,0.));
#2021 = DIRECTION('',(-1.,-0.,-0.));
#2022 = DIRECTION('',(-0.,1.,0.));
#2023 = DEFINITIONAL_REPRESENTATION('',(#2024),#2028);
#2024 = LINE('',#2025,#2026);
#2025 = CARTESIAN_POINT('',(-0.,-0.));
#2026 = VECTOR('',#2027,1.);
#2027 = DIRECTION('',(-1.,-0.));
#2028 = ( GEOMETRIC_REPRESENTATION_CONTEXT(2) 
PARAMETRIC_REPRESENTATION_CONTEXT() REPRESENTATION_CONTEXT('2D SPACE',''
  ) );
#2029 = ORIENTED_EDGE('',*,*,#1980,.F.);
#2030 = ADVANCED_FACE('',(#2031),#2018,.T.);
#2031 = FACE_BOUND('',#2032,.T.);
#2032 = EDGE_LOOP('',(#2033,#2034,#2057,#2084));
#2033 = ORIENTED_EDGE('',*,*,#2003,.T.);
#2034 = ORIENTED_EDGE('',*,*,#2035,.T.);
#2035 = EDGE_CURVE('',#1981,#2036,#2038,.T.);
#2036 = VERTEX_POINT('',#2037);
#2037 = CARTESIAN_POINT('',(856.5459411656,1.014935633234E+03,0.));
#2038 = SEAM_CURVE('',#2039,(#2043,#2050),.PCURVE_S1.);
#2039 = LINE('',#2040,#2041);
#2040 = CARTESIAN_POINT('',(852.49875714048,1.029248114264E+03,0.));
#2041 = VECTOR('',#2042,1.);
#2042 = DIRECTION('',(0.272103464845,-0.962268000309,0.));
#2043 = PCURVE('',#2018,#2044);
#2044 = DEFINITIONAL_REPRESENTATION('',(#2045),#2049);
#2045 = LINE('',#2046,#2047);
#2046 = CARTESIAN_POINT('',(-0.,-0.));
#2047 = VECTOR('',#2048,1.);
#2048 = DIRECTION('',(-0.,-1.));
#2049 = ( GEOMETRIC_REPRESENTATION_CONTEXT(2) 
PARAMETRIC_REPRESENTATION_CONTEXT() REPRESENTATION_CONTEXT('2D SPACE',''
  ) );
#2050 = PCURVE('',#2018,#2051);
#2051 = DEFINITIONAL_REPRESENTATION('',(#2052),#2056);
#2052 = LINE('',#2053,#2054);
#2053 = CARTESIAN_POINT('',(-6.28318530718,-0.));
#2054 = VECTOR('',#2055,1.);
#2055 = DIRECTION('',(-0.,-1.));
#2056 = ( GEOMETRIC_REPRESENTATION_CONTEXT(2) 
PARAMETRIC_REPRESENTATION_CONTEXT() REPRESENTATION_CONTEXT('2D SPACE',''
  ) );
#2057 = ORIENTED_EDGE('',*,*,#2058,.F.);
#2058 = EDGE_CURVE('',#2036,#2036,#2059,.T.);
#2059 = SURFACE_CURVE('',#2060,(#2065,#2072),.PCURVE_S1.);
#2060 = CIRCLE('',#2061,1.014935633234E+03);
#2061 = AXIS2_PLACEMENT_3D('',#2062,#2063,#2064);
#2062 = CARTESIAN_POINT('',(856.5459411656,0.,0.));
#2063 = DIRECTION('',(1.,0.,0.));
#2064 = DIRECTION('',(-0.,1.,0.));
#2065 = PCURVE('',#2018,#2066);
#2066 = DEFINITIONAL_REPRESENTATION('',(#2067),#2071);
#2067 = LINE('',#2068,#2069);
#2068 = CARTESIAN_POINT('',(-0.,-4.047184025118));
#2069 = VECTOR('',#2070,1.);
#2070 = DIRECTION('',(-1.,-0.));
#2071 = ( GEOMETRIC_REPRESENTATION_CONTEXT(2) 
PARAMETRIC_REPRESENTATION_CONTEXT() REPRESENTATION_CONTEXT('2D SPACE',''
  ) );
#2072 = PCURVE('',#2073,#2078);
#2073 = CONICAL_SURFACE('',#2074,1.014935633234E+03,1.405449345027);
#2074 = AXIS2_PLACEMENT_3D('',#2075,#2076,#2077);
#2075 = CARTESIAN_POINT('',(856.5459411656,0.,0.));
#2076 = DIRECTION('',(-1.,-0.,-0.));
#2077 = DIRECTION('',(-0.,1.,0.));
#2078 = DEFINITIONAL_REPRESENTATION('',(#2079),#2083);
#2079 = LINE('',#2080,#2081);
#2080 = CARTESIAN_POINT('',(-0.,-0.));
#2081 = VECTOR('',#2082,1.);
#2082 = DIRECTION('',(-1.,-0.));
#2083 = ( GEOMETRIC_REPRESENTATION_CONTEXT(2) 
PARAMETRIC_REPRESENTATION_CONTEXT() REPRESENTATION_CONTEXT('2D SPACE',''
  ) );
#2084 = ORIENTED_EDGE('',*,*,#2035,.F.);
#2085 = ADVANCED_FACE('',(#2086),#2073,.T.);
#2086 = FACE_BOUND('',#2087,.T.);
#2087 = EDGE_LOOP('',(#2088,#2089,#2112,#2139));
#2088 = ORIENTED_EDGE('',*,*,#2058,.T.);
#2089 = ORIENTED_EDGE('',*,*,#2090,.T.);
#2090 = EDGE_CURVE('',#2036,#2091,#2093,.T.);
#2091 = VERTEX_POINT('',#2092);
#2092 = CARTESIAN_POINT('',(858.99407094882,1.000264795755E+03,0.));
#2093 = SEAM_CURVE('',#2094,(#2098,#2105),.PCURVE_S1.);
#2094 = LINE('',#2095,#2096);
#2095 = CARTESIAN_POINT('',(856.5459411656,1.014935633234E+03,0.));
#2096 = VECTOR('',#2097,1.);
#2097 = DIRECTION('',(0.164594590281,-0.986361303403,0.));
#2098 = PCURVE('',#2073,#2099);
#2099 = DEFINITIONAL_REPRESENTATION('',(#2100),#2104);
#2100 = LINE('',#2101,#2102);
#2101 = CARTESIAN_POINT('',(-0.,-0.));
#2102 = VECTOR('',#2103,1.);
#2103 = DIRECTION('',(-0.,-1.));
#2104 = ( GEOMETRIC_REPRESENTATION_CONTEXT(2) 
PARAMETRIC_REPRESENTATION_CONTEXT() REPRESENTATION_CONTEXT('2D SPACE',''
  ) );
#2105 = PCURVE('',#2073,#2106);
#2106 = DEFINITIONAL_REPRESENTATION('',(#2107),#2111);
#2107 = LINE('',#2108,#2109);
#2108 = CARTESIAN_POINT('',(-6.28318530718,-0.));
#2109 = VECTOR('',#2110,1.);
#2110 = DIRECTION('',(-0.,-1.));
#2111 = ( GEOMETRIC_REPRESENTATION_CONTEXT(2) 
PARAMETRIC_REPRESENTATION_CONTEXT() REPRESENTATION_CONTEXT('2D SPACE',''
  ) );
#2112 = ORIENTED_EDGE('',*,*,#2113,.F.);
#2113 = EDGE_CURVE('',#2091,#2091,#2114,.T.);
#2114 = SURFACE_CURVE('',#2115,(#2120,#2127),.PCURVE_S1.);
#2115 = CIRCLE('',#2116,1.000264795755E+03);
#2116 = AXIS2_PLACEMENT_3D('',#2117,#2118,#2119);
#2117 = CARTESIAN_POINT('',(858.99407094882,0.,0.));
#2118 = DIRECTION('',(1.,0.,0.));
#2119 = DIRECTION('',(-0.,1.,0.));
#2120 = PCURVE('',#2073,#2121);
#2121 = DEFINITIONAL_REPRESENTATION('',(#2122),#2126);
#2122 = LINE('',#2123,#2124);
#2123 = CARTESIAN_POINT('',(-0.,-2.448129783219));
#2124 = VECTOR('',#2125,1.);
#2125 = DIRECTION('',(-1.,-0.));
#2126 = ( GEOMETRIC_REPRESENTATION_CONTEXT(2) 
PARAMETRIC_REPRESENTATION_CONTEXT() REPRESENTATION_CONTEXT('2D SPACE',''
  ) );
#2127 = PCURVE('',#2128,#2133);
#2128 = CONICAL_SURFACE('',#2129,1.000264795755E+03,1.515680666206);
#2129 = AXIS2_PLACEMENT_3D('',#2130,#2131,#2132);
#2130 = CARTESIAN_POINT('',(858.99407094882,0.,0.));
#2131 = DIRECTION('',(-1.,-0.,-0.));
#2132 = DIRECTION('',(-0.,1.,0.));
#2133 = DEFINITIONAL_REPRESENTATION('',(#2134),#2138);
#2134 = LINE('',#2135,#2136);
#2135 = CARTESIAN_POINT('',(-0.,-0.));
#2136 = VECTOR('',#2137,1.);
#2137 = DIRECTION('',(-1.,-0.));
#2138 = ( GEOMETRIC_REPRESENTATION_CONTEXT(2) 
PARAMETRIC_REPRESENTATION_CONTEXT() REPRESENTATION_CONTEXT('2D SPACE',''
  ) );
#2139 = ORIENTED_EDGE('',*,*,#2090,.F.);
#2140 = ADVANCED_FACE('',(#2141),#2128,.T.);
#2141 = FACE_BOUND('',#2142,.T.);
#2142 = EDGE_LOOP('',(#2143,#2144,#2167,#2194));
#2143 = ORIENTED_EDGE('',*,*,#2113,.T.);
#2144 = ORIENTED_EDGE('',*,*,#2145,.T.);
#2145 = EDGE_CURVE('',#2091,#2146,#2148,.T.);
#2146 = VERTEX_POINT('',#2147);
#2147 = CARTESIAN_POINT('',(859.81342951089,985.41368592112,0.));
#2148 = SEAM_CURVE('',#2149,(#2153,#2160),.PCURVE_S1.);
#2149 = LINE('',#2150,#2151);
#2150 = CARTESIAN_POINT('',(858.99407094882,1.000264795755E+03,0.));
#2151 = VECTOR('',#2152,1.);
#2152 = DIRECTION('',(5.508776035586E-02,-0.998481516433,0.));
#2153 = PCURVE('',#2128,#2154);
#2154 = DEFINITIONAL_REPRESENTATION('',(#2155),#2159);
#2155 = LINE('',#2156,#2157);
#2156 = CARTESIAN_POINT('',(-0.,-0.));
#2157 = VECTOR('',#2158,1.);
#2158 = DIRECTION('',(-0.,-1.));
#2159 = ( GEOMETRIC_REPRESENTATION_CONTEXT(2) 
PARAMETRIC_REPRESENTATION_CONTEXT() REPRESENTATION_CONTEXT('2D SPACE',''
  ) );
#2160 = PCURVE('',#2128,#2161);
#2161 = DEFINITIONAL_REPRESENTATION('',(#2162),#2166);
#2162 = LINE('',#2163,#2164);
#2163 = CARTESIAN_POINT('',(-6.28318530718,-0.));
#2164 = VECTOR('',#2165,1.);
#2165 = DIRECTION('',(-0.,-1.));
#2166 = ( GEOMETRIC_REPRESENTATION_CONTEXT(2) 
PARAMETRIC_REPRESENTATION_CONTEXT() REPRESENTATION_CONTEXT('2D SPACE',''
  ) );
#2167 = ORIENTED_EDGE('',*,*,#2168,.F.);
#2168 = EDGE_CURVE('',#2146,#2146,#2169,.T.);
#2169 = SURFACE_CURVE('',#2170,(#2175,#2182),.PCURVE_S1.);
#2170 = CIRCLE('',#2171,985.41368592112);
#2171 = AXIS2_PLACEMENT_3D('',#2172,#2173,#2174);
#2172 = CARTESIAN_POINT('',(859.81342951089,0.,0.));
#2173 = DIRECTION('',(1.,0.,0.));
#2174 = DIRECTION('',(-0.,1.,0.));
#2175 = PCURVE('',#2128,#2176);
#2176 = DEFINITIONAL_REPRESENTATION('',(#2177),#2181);
#2177 = LINE('',#2178,#2179);
#2178 = CARTESIAN_POINT('',(-0.,-0.819358562077));
#2179 = VECTOR('',#2180,1.);
#2180 = DIRECTION('',(-1.,-0.));
#2181 = ( GEOMETRIC_REPRESENTATION_CONTEXT(2) 
PARAMETRIC_REPRESENTATION_CONTEXT() REPRESENTATION_CONTEXT('2D SPACE',''
  ) );
#2182 = PCURVE('',#2183,#2188);
#2183 = PLANE('',#2184);
#2184 = AXIS2_PLACEMENT_3D('',#2185,#2186,#2187);
#2185 = CARTESIAN_POINT('',(859.81342951089,0.,0.));
#2186 = DIRECTION('',(1.,0.,0.));
#2187 = DIRECTION('',(-0.,1.,0.));
#2188 = DEFINITIONAL_REPRESENTATION('',(#2189),#2193);
#2189 = CIRCLE('',#2190,985.41368592112);
#2190 = AXIS2_PLACEMENT_2D('',#2191,#2192);
#2191 = CARTESIAN_POINT('',(0.,0.));
#2192 = DIRECTION('',(1.,0.));
#2193 = ( GEOMETRIC_REPRESENTATION_CONTEXT(2) 
PARAMETRIC_REPRESENTATION_CONTEXT() REPRESENTATION_CONTEXT('2D SPACE',''
  ) );
#2194 = ORIENTED_EDGE('',*,*,#2145,.F.);
#2195 = ADVANCED_FACE('',(#2196,#2199),#2183,.T.);
#2196 = FACE_BOUND('',#2197,.T.);
#2197 = EDGE_LOOP('',(#2198));
#2198 = ORIENTED_EDGE('',*,*,#2168,.T.);
#2199 = FACE_BOUND('',#2200,.T.);
#2200 = EDGE_LOOP('',(#2201));
#2201 = ORIENTED_EDGE('',*,*,#2202,.F.);
#2202 = EDGE_CURVE('',#2203,#2203,#2205,.T.);
#2203 = VERTEX_POINT('',#2204);
#2204 = CARTESIAN_POINT('',(859.81342951089,5.000000000001E-03,0.));
#2205 = SURFACE_CURVE('',#2206,(#2211,#2218),.PCURVE_S1.);
#2206 = CIRCLE('',#2207,5.000000000001E-03);
#2207 = AXIS2_PLACEMENT_3D('',#2208,#2209,#2210);
#2208 = CARTESIAN_POINT('',(859.81342951089,0.,0.));
#2209 = DIRECTION('',(1.,0.,0.));
#2210 = DIRECTION('',(-0.,1.,0.));
#2211 = PCURVE('',#2183,#2212);
#2212 = DEFINITIONAL_REPRESENTATION('',(#2213),#2217);
#2213 = CIRCLE('',#2214,5.000000000001E-03);
#2214 = AXIS2_PLACEMENT_2D('',#2215,#2216);
#2215 = CARTESIAN_POINT('',(0.,0.));
#2216 = DIRECTION('',(1.,0.));
#2217 = ( GEOMETRIC_REPRESENTATION_CONTEXT(2) 
PARAMETRIC_REPRESENTATION_CONTEXT() REPRESENTATION_CONTEXT('2D SPACE',''
  ) );
#2218 = PCURVE('',#43,#2219);
#2219 = DEFINITIONAL_REPRESENTATION('',(#2220),#2224);
#2220 = LINE('',#2221,#2222);
#2221 = CARTESIAN_POINT('',(-0.,0.));
#2222 = VECTOR('',#2223,1.);
#2223 = DIRECTION('',(-1.,0.));
#2224 = ( GEOMETRIC_REPRESENTATION_CONTEXT(2) 
PARAMETRIC_REPRESENTATION_CONTEXT() REPRESENTATION_CONTEXT('2D SPACE',''
  ) );
#2225 = ADVANCED_FACE('',(#2226),#43,.F.);
#2226 = FACE_BOUND('',#2227,.T.);
#2227 = EDGE_LOOP('',(#2228,#2229,#2250,#2251));
#2228 = ORIENTED_EDGE('',*,*,#2202,.T.);
#2229 = ORIENTED_EDGE('',*,*,#2230,.T.);
#2230 = EDGE_CURVE('',#2203,#22,#2231,.T.);
#2231 = SEAM_CURVE('',#2232,(#2236,#2243),.PCURVE_S1.);
#2232 = LINE('',#2233,#2234);
#2233 = CARTESIAN_POINT('',(859.81342951089,5.000000000003E-03,0.));
#2234 = VECTOR('',#2235,1.);
#2235 = DIRECTION('',(-1.,-2.974889292882E-18,0.));
#2236 = PCURVE('',#43,#2237);
#2237 = DEFINITIONAL_REPRESENTATION('',(#2238),#2242);
#2238 = LINE('',#2239,#2240);
#2239 = CARTESIAN_POINT('',(-0.,0.));
#2240 = VECTOR('',#2241,1.);
#2241 = DIRECTION('',(-0.,1.));
#2242 = ( GEOMETRIC_REPRESENTATION_CONTEXT(2) 
PARAMETRIC_REPRESENTATION_CONTEXT() REPRESENTATION_CONTEXT('2D SPACE',''
  ) );
#2243 = PCURVE('',#43,#2244);
#2244 = DEFINITIONAL_REPRESENTATION('',(#2245),#2249);
#2245 = LINE('',#2246,#2247);
#2246 = CARTESIAN_POINT('',(-6.28318530718,0.));
#2247 = VECTOR('',#2248,1.);
#2248 = DIRECTION('',(-0.,1.));
#2249 = ( GEOMETRIC_REPRESENTATION_CONTEXT(2) 
PARAMETRIC_REPRESENTATION_CONTEXT() REPRESENTATION_CONTEXT('2D SPACE',''
  ) );
#2250 = ORIENTED_EDGE('',*,*,#21,.F.);
#2251 = ORIENTED_EDGE('',*,*,#2230,.F.);
#2252 = ( GEOMETRIC_REPRESENTATION_CONTEXT(3) 
GLOBAL_UNCERTAINTY_ASSIGNED_CONTEXT((#2256)) 
GLOBAL_UNIT_ASSIGNED_CONTEXT((#2253,#2254,#2255)) REPRESENTATION_CONTEXT
('Context #1','3D Context with UNIT and UNCERTAINTY') );
#2253 = ( LENGTH_UNIT() NAMED_UNIT(*) SI_UNIT(.MILLI.,.METRE.) );
#2254 = ( NAMED_UNIT(*) PLANE_ANGLE_UNIT() SI_UNIT($,.RADIAN.) );
#2255 = ( NAMED_UNIT(*) SI_UNIT($,.STERADIAN.) SOLID_ANGLE_UNIT() );
#2256 = UNCERTAINTY_MEASURE_WITH_UNIT(LENGTH_MEASURE(10.),#2253,
  'distance_accuracy_value','confusion accuracy');
#2257 = PRODUCT_RELATED_PRODUCT_CATEGORY('part',$,(#7));
ENDSEC;
END-ISO-10303-21;
